text,stars,date
"Chi nhÃ¡nh nÃ y hÆ¡i nhá» xÃ­u nhÆ°ng cÃ³ 2 táº§ng(3 láº§u) nÃªn cÃ³ thá»ƒ chá»©a Ä‘Æ°á»£c nhiá»u khÃ¡ch. Náº±m ngay máº·t báº±ng ngÃ£ ba ráº¥t thuáº­n tiá»‡n. PhÃ­a ngoÃ i cÃ³ chá»— Ä‘á»ƒ xe free rá»™ng rÃ£i, cÃ³ báº£o vá»‡ trÃ´ng coi vÃ  dáº¯t xe, viá»‡c cá»§a báº¡n chá»‰ cáº§n nháº­n tháº» xe lÃºc Ä‘áº¿n vÃ  â€¦   ThÃªm",5 sao,má»™t thÃ¡ng trÆ°á»›c
"Ngon thÃ¬ cÃ³ ngon nhÆ°ng Ä‘Ã´ng mÃ¡ Æ¡i
NÃªn nÃ© giá» cao Ä‘iá»ƒm vÃ¬ chá»— ngá»“i cháº­t háº¹p
QuÃ¡n Ä‘Ã´ng nhÆ°ng ra mÃ³n khÃ¡ nhanh   ThÃªm",5 sao,má»™t thÃ¡ng trÆ°á»›c
"Cháº¥t lÆ°á»£ng vÃ  Ä‘á»™ ngon thÃ¬ khÃ´ng cÃ³ gÃ¬ vÃ¬ khÃ¡ lÃ  ngon, há»£p kháº©u vá»‹ cá»§a mÃ¬nh. NhÃ¢n viÃªn thÃ¢n thiá»‡n, ká»ƒ cáº£ báº£o vá»‡ ğŸ‘ğŸ‘ğŸ‘
RiÃªng má»™t chÃºt gÃ³p Ã½ lÃ  bÃ y trÃ­, sáº¯p xáº¿p bÃ n gháº¿ á»Ÿ táº§ng 1 cÃ³ váº» chÆ°a há»£p lÃ½ nÃªn sáº½ tháº¥y cháº­t háº¹p, tháº­m chÃ­ cÃ³ thá»ƒ va quáº¹t khi ngá»“i Äƒn giá»¯a cÃ¡c bÃ n â€¦   ThÃªm",4 sao,2 thÃ¡ng trÆ°á»›c
"nhÃ¢n viÃªn nhiá»‡t tÃ¬nh, em gá»i máº¥y mÃ³n mÃ  giá»‘ng combo quÃ¡ nÃªn báº¡n tÆ° váº¥n Ä‘á»•i sang combo cho lá»£i giÃ¡ hÆ¡n. â€¦   ThÃªm",4 sao,3 thÃ¡ng trÆ°á»›c
Phá»¥c vá»¥ á»Ÿ quÃ¡n ráº¥t hoÃ  Ä‘á»“ng vá»›i khÃ¡ch hÃ ng. GÃ  á»Ÿ jollibee thÃ¬ khÃ´ng cáº§n pháº£i nÃ³i nhiá»u ná»¯a. Tuáº§n 7 bá»¯a mÃ  Äƒn jollibee háº¿t 5 bá»¯a rá»“iğŸ¥° â€¦   ThÃªm,5 sao,má»™t thÃ¡ng trÆ°á»›c
"QuÃ¡n khÃ¡ Ä‘Ã´ng Ä‘Ãºc vÃ o buá»•i tá»‘i, nhma váº«n cÃ³ chá»— ngá»“i, Ä‘á»“ Äƒn ngon giÃ¡ pháº£i chÄƒng ai khÃ´ng Äƒn cay Ä‘Æ°á»£c thÃ¬ Ä‘á»«ng gá»i gÃ  sá»‘t cay, mÃ³n ngon cá»§a quÃ¡n lÃ  gÃ  vui váº», cÃ³ thá»ƒ thÃªm nÆ°á»›c sá»‘t tÃ¹y thÃ­ch   ThÃªm",4 sao,má»™t thÃ¡ng trÆ°á»›c
"- KhÃ´ng gian rá»™ng, sáº¡ch sáº½.
- Combo giÃ¡ cáº£ há»£p lÃ½, anh em nÃ o Ä‘i couple thÃ¬ mÃ¬nh tháº¥y nÃªn gá»i combo má»³ Ã½ 145k hoáº·c 2 combo cÆ¡m gÃ  lÃ  á»•n Ã¡p nháº¥t. â€¦   ThÃªm",5 sao,5 thÃ¡ng trÆ°á»›c
Táº¡i sao Äƒn quÃ i khÃ´ng ngÃ¡n váº­y nÃ¨. Tui cÃ³ thá»ƒ Äƒn Jollibee cáº£ tuáº§n luÃ´n Ã¡ğŸ˜ â€¦ Äá»“ Äƒn:  5â€¦   ThÃªm,5 sao,2 tuáº§n trÆ°á»›c
"NhÃ³m mÃ¬nh Ä‘áº·t tiá»‡c sinh nháº­t ngÃ y 15/3 siÃªu zui Ä‘Æ°á»£c nhÃ¢n viÃªn take care siÃªu chu Ä‘Ã¡o, chá»‹ quáº£n lÃ­ siÃªu cáº¥p dá»… thÆ°Æ¡ng + báº¡n Bee siÃªu xÃ¬ tin quay Ä‘á»§ loáº¡i trend tiktok vá»›i tá»¥i mÃ¬nh =))))))))) KhÃ´ng gian phÃ²ng tiá»‡c á»Ÿ táº§ng trÃªn cÃ¹ng, cÃ¡ch Ã¢m vÃ  â€¦   ThÃªm",5 sao,4 thÃ¡ng trÆ°á»›c
"trung bÃ¬nh má»—i láº§n há»‘c Ä‘á»u gá»i combo Äƒn Ã½, mÃ¬ vÃ  gÃ  táº©m ke nÃªn cá»© má»—i thÃ¡ng láº¡i pháº£i Ä‘á»›p 1 láº§n ğŸ’” â€¦",5 sao,má»™t thÃ¡ng trÆ°á»›c
"Táº¡i tui ko Äƒn cay giá»i nÃªn tháº¥y khÃ¡ cay. Chá»© sá»‘t cay nhÃ¬n Ä‘áº¹p, ngon máº¯t Ã¡. NhÃ¢n viÃªn cx nhiá»‡t tÃ¬nh. Tui tháº¥y bÃ n bÃªn Ã½ kiáº¿n thiáº¿u mÃ³n, há» cx giáº£i quyáº¿t nhanh láº¹. â€¦   ThÃªm",5 sao,2 thÃ¡ng trÆ°á»›c
"MÃ¬ Ã½ vÃ  gÃ  rÃ¡n ngon, giÃ²n
QuÃ¡n Ä‘Ã´ng nÃªn ko cÃ²n chá»— ngá»“i Äá»“ Äƒn:  5â€¦   ThÃªm",4 sao,6 thÃ¡ng trÆ°á»›c
"Chiá»u thá»© 6, ngÃ y 23/05/2025.

Trá»i mÆ°a, báº£o vá»‡ lá»›n tuá»•i váº¯t kÃ­nh Ä‘en trÆ°á»›c ngá»±c (khÃ´ng biáº¿t tÃªn) tháº¥y khÃ¡ch â€¦   ThÃªm",1 sao,2 thÃ¡ng trÆ°á»›c
CHá»” nÃ y Giá» Cao Ä‘iá»ƒm nhÃ¢n viÃªn  Bu KÃ­nh háº¿t cáº£ chá»• nháº­n MÃ³n... MÃ³n MÃ   CÃ¡c nhÃ³c ráº¥t lÃ  KhoÃ¡i..mÃ¬nh Ä‚n MÃ¬  Ã GÃ  Cay  ..  sá»‘t  MÃ¬ GÃ   Äiá»u Ráº¥t Ok Nha  CÃ³ Äiá»u mÃ¬nh ko  háº£o láº¯m  GÃ  Má»¹  ....    cÃ¡c tÃ­nh Ä‘á»“ gÃ   GiÃ²n  Äáº¿n Ä‚n  sá»£ lÃªn cÃ¢n thÃ¬ Oder GÃ  ko z..cháº¥m sá»‘t kÃ¨m khoai TÃ¢y lÃ  dc.. .. mÃ³n Cháº£ GiÃ²  HÆ¡i Ngá»t  .. ko ThÃ­ch láº¯m   ThÃªm,4 sao,6 thÃ¡ng trÆ°á»›c
"QuÃ¡n khÃ´ng gian mÃ¡t máº»,nhÃ¢n viÃªn cÅ©ng nhÆ° chÃº báº£o vá»‡ thÃ¢n thiá»‡n,Ä‘á»“ Äƒn cá»±c nhanh,báº¡n mÃ¬nh thÃ¬ khen ngon,náº¿u Äƒn combo 1 nam 1 ná»¯ thÃ¬  k nÃªn up size nha táº¡i nhiá»u láº¯m Ã¡,báº¡n mÃ¬nh Äƒn Ä‘áº¿n hoa máº¯t luÃ´n k háº¿t,tráº£i nghiá»‡m khÃ¡ á»•n, giÃ¡ ok Ä‘á»‘i vá»›i mÃ¬nh   ThÃªm",5 sao,11 thÃ¡ng trÆ°á»›c
"Vá»‹ trÃ­ cá»§a quÃ¡n thuáº­n tiá»‡n, náº±m ngay giá»¯a ngÃ£ tÆ° dá»… kiáº¿m
á» Ä‘Ã¢y khÃ¡ch ráº¥t Ä‘Ã´ng, nhÆ°ng mÃ  nhÃ¢n viÃªn váº«n vui váº», nhiá»‡t tÃ¬nh há»— trá»£. KhÃ´ng gian sáº¡ch sáº½, mÃ¡t máº» â€¦   ThÃªm",4 sao,4 thÃ¡ng trÆ°á»›c
"Äá»“ Äƒn ngon, phá»¥c vá»¥ nhanh, nhÃ¢n viÃªn dá»… thÆ°Æ¡ng :DD Dá»‹ch vá»¥ Ä‚n táº¡i chá»—â€¦   ThÃªm",5 sao,2 thÃ¡ng trÆ°á»›c
"MÃ¬nh Ä‘áº¿n táº§m
8h, quÃ¡n khÃ¡ Ä‘Ã´ng. NhÆ°ng phá»¥c vá»¥ nhanh, mÃ¬nh lá»±a cÅ©ng lÃ¢u nhÆ°ng cÃ¡c báº¡n váº«n vui váº». Äang Äƒn thÃ¬ cÃ³ em bÃ© kia vÃ o xin mua cho bÃ© 1 pháº§n Äƒn vá»›i.   ThÃªm",5 sao,má»™t nÄƒm trÆ°á»›c
"Flow lÃ m viá»‡c mÆ°á»£t, sÃ¡ng hÃ´m qua bÃªn chi nhÃ¡nh nÃ y tung 1400 combo capybara nÃªn Ä‘Ã´ng ngÆ°á»i Ä‘áº¿n láº¯m, Ä‘iá»u mÃ¬nh báº¥t ngá» lÃ  cÃ¡c anh chá»‹ lÃ m viá»‡c ráº¥t nhanh chÃ³ng vÃ  chuyÃªn nghiá»‡p, tuy Ä‘Ã´i lÃºc cÅ©ng cÃ³ sai sÃ³t khÃ¢u mang Ä‘á»“ ra cho khÃ¡ch xÃ­u, nhÆ°ng â€¦   ThÃªm",5 sao,7 thÃ¡ng trÆ°á»›c
"LÃ¢u láº¯m má»›i quay láº¡i Äƒn á»Ÿ thÆ°Æ¡ng hiá»‡u nÃ y. MÃ¬nh khen cho cÃ¡c mÃ³n gÃ  rÃ¡n cÃ³ cáº£i thiá»‡n ráº¥t nhiá»u, ráº¥t ngon nha, khÃ´ng cÃ²n kiá»ƒu bá»™t bá»™t nhÆ° xÆ°a. Vá» pháº§n mÃ¬ Ã½ thÃ¬ khÃ´ng Ä‘á»•i, váº«n cÃ²n ngon.  Tá»¥i mÃ¬nh ngá»“i Äƒn trong quÃ¡n, quÃ¡n cÅ©ng khÃ¡ lÃ  Ä‘Ã´ng â€¦   ThÃªm",5 sao,má»™t nÄƒm trÆ°á»›c
"QuÃ¡n sáº¡ch sáº½, nhÃ¢n viÃªn dá»… thÆ°Æ¡ng, giÃ¡ vá»«a táº§m cháº¥t lÆ°á»£ng Dá»‹ch vá»¥ Ä‚n táº¡iâ€¦   ThÃªm",5 sao,má»™t thÃ¡ng trÆ°á»›c
"CÃ³ thiá»‡t sá»± lÃ  muá»‘n bÃ¡n ná»¯a k tiá»‡m , Äƒn táº¡i chá»— thÃ¬ nv thÃ¡i Ä‘á»™, mua qua ap thÃ¬ Ä‘á»• tÃ¨ le lÃ  sao d tiá»‡m ğŸ˜‡ â€¦   ThÃªm",1 sao,2 thÃ¡ng trÆ°á»›c
"Xáº¿p hÃ ng cáº¡nh sÄƒn capypara cho chÃ¡u, máº·c dÃ¹ ráº¥t Ä‘Ã´ng nhÆ°ng mÃ³n Äƒn lÃªn nhanh, nhÃ¢n viÃªn thÃ¢n thiá»‡n, nhiá»‡t tÃ¬nh, tháº¥y khÃ¡ch xáº¿p hÃ ng trá»i náº¯ng ra Ä‘á»©ng che dÃ¹ luÃ´n, tháº­t lÃ  dá»… thÆ°Æ¡ng   ThÃªm",5 sao,7 thÃ¡ng trÆ°á»›c
"MÃ¬nh mua 2 pháº§n dáº·n láº¥y mÃ¡ Ä‘Ã¹i, báº¡n nhÃ¢n viÃªn báº£o sáº½ Æ°u tiÃªn nhÆ°ng lÃºc mang ra láº¡i lÃ  á»©c vÃ  cÃ¡nh. MÃ¬nh há»i thÃ¬ báº¡n kÃªu k cÃ³ chiÃªn mÃ¡. MÃ  bÃ n káº¿ bÃªn mang ra khÃ¡ch kÃªu láº¥y mÃ¡ thÃ¬ Ä‘em vÃ o Ä‘á»•i láº¡i cÃ²n mÃ¬nh thÃ¬ báº¡n k chá»‹u. Cá»­a hÃ ng nhÃ¬n máº·c khÃ¡ch Ä‘á»ƒ bÃ¡n hay sao? Ä‚n ráº¥t nhÃ¬u láº§n mÃ  tráº£i nghiá»‡m quÃ¡ tá»‡   ThÃªm",1 sao,9 thÃ¡ng trÆ°á»›c
TÆ°Æ¡ng á»›t tÆ°Æ¡ng cÃ  á»Ÿ Ä‘Ã¢y Ä‘áº¯t láº¯m sao. Mua 2 láº§n mang vá» láº§n nÃ o cÅ©ng 1 pháº§n 3-4 mÃ³n mÃ  chá»‰ cho dc 1 tÃºi tÆ°Æ¡ng chua ngá»t.   ThÃªm,2 sao,2 tuáº§n trÆ°á»›c
"NhÃ¢n viÃªn nhiá»‡t tÃ¬nh dá»… thÆ°Æ¡ng ğŸ¥º
GÃ  nhÃ  Joli thÃ¬ khÃ´ng cÃ²n gÃ¬ Ä‘á»ƒ chÃª roÃ i. GiÃ²n ngon Äƒn cuá»‘n nhe
LÃºc mÃ¬nh ghÃ© lÃ  buá»•i tá»‘i nÃªn quÃ¡n Ä‘Ã´ng vá»›i nhiá»u con nÃ­t nÃªn hÆ¡i á»“n xÃ­u â€¦   ThÃªm",5 sao,8 thÃ¡ng trÆ°á»›c
"BÃ¬nh thÆ°á»ng mÃ¬nh hay Äƒn chá»— nÃ y vÃ¬ nÃ³ gáº§n nhÃ  vÃ  cÃ¡c báº¡n nhÃ¢n viÃªn ráº¥t dá»… thÆ°Æ¡ng.
HÃ´m trÆ°á»›c, xem tiktok tháº¥y review cÃ³ combo hÃ¨ lÃ  2 mÃ¬ Ã½ + 1 gÃ  dÃ²n + 2 nÆ°á»›c vÃ  2 â€¦   ThÃªm",3 sao,má»™t thÃ¡ng trÆ°á»›c
"NÆ¡i nÃ y sáº¡ch sáº½, mÃ¡t, phá»¥c vá»¥ nhanh
Äá»“ Äƒn ngon
Nhiá»u options Äá»“ Äƒn:  5â€¦   ThÃªm",5 sao,7 thÃ¡ng trÆ°á»›c
"5 sao khá»i nÃ³i nhÃ¬u. MÃ¬nh Äƒn láº§n thá»© n rá»“i!! GÃ  giÃ²n xá»‘t ngon mÃ  bÃªn trong váº«n má»ng nÆ°á»›c ğŸ˜« so juicyyyy. MÃ¬ Ã½ Äƒn ghiá»n ghiá»n sao Ã¡, khoai ngon. Phá»¥c vá»¥ nhanh mÃ  thÃ¢n thiá»‡n nhiá»‡t tÃ¬nh. KhÃ´ng chÃª vÃ o Ä‘Ã¢u Ä‘Æ°á»£c. My fav spot in HCMC ğŸ«¶ğŸ¼ â€¦",5 sao,2 nÄƒm trÆ°á»›c
Order á»©c gÃ . NhÃ¢n viÃªn báº£o cÃ³. Rá»“i giao toÃ n Ä‘Ã¹i gÃ . Tráº£i nghiá»‡m ko vui. LÃºc giao giáº£i thÃ­ch thiáº¿u trÃ¡ch nhiá»‡m   ThÃªm,1 sao,7 thÃ¡ng trÆ°á»›c
"Xin Ä‘Ã³ng gÃ³p thÃªm, ship thÃ¬ cho vÃ o há»™p nhá»±a ok, cÃ²n khÃ¡ch mua mang vá» cho vÃ o há»™p giáº¥y ( nhiá»u khi k mang vá» nha dÃ¹ng, khi ra cafÃª, cÃ´ng viÃªn..) quÃ¡ báº¥t tiá»‡n khi khÃ´ng cÃ³ gi Ä‘á»ƒ bá» tÆ°Æ¡ng Ä‘á»ƒ cháº¥m.... Ykr   ThÃªm",3 sao,má»™t thÃ¡ng trÆ°á»›c
"táº¥t cáº£ Ä‘á»u 1038493092020/10 trá»« wifiâ˜ºï¸â˜ºï¸â˜ºï¸ huhu mÃ¬nh sÃ i sim mobi wifi yáº¿u cá»±c.
nhÆ°ng KHÃ”NG SAO. vÃ¬ Ä‘á»“ Äƒn ngon háº¿t sáº£y vÃ  cá»±c kÃ¬ tÆ°Æ¡i má»›i má»ng nÆ°á»›c Ãªhhehhehehehe mlem mlemğŸ˜ğŸ˜ğŸ˜ğŸ˜ğŸ˜ğŸ˜ğŸ˜ğŸ˜ğŸ˜ğŸ˜ğŸ˜ â€¦   ThÃªm",5 sao,4 tuáº§n trÆ°á»›c
"BÃ¬nh thÆ°á»ng nhÃ¢n viÃªn Ä‘á»u gá»i Ä‘á»ƒ xÃ¡c nháº­n Ä‘Æ¡n, hÃ´m nay khÃ´ng gá»i vÃ  káº¿t quáº£ lÃ  chá» lÃ m chá» giao máº¥t 1 giá» vÃ  trá»… luÃ´n giá» lÃ m. Náº¿u quÃ¡n Ä‘Ã´ng quÃ¡ hay gÃ¬ Ä‘Ã³ thÃ¬ gá»i bÃ¡o má»™t tiáº¿ng Ä‘á»ƒ khÃ¡ch biáº¿t cÃ²n sáº¯p xáº¿p.   ThÃªm",4 sao,má»™t thÃ¡ng trÆ°á»›c
"KhÃ´ng gian cháº­t háº¹p, xáº¿p ráº¥t nhiá»u bÃ n cáº¡nh nhau vÃ  khÃ´ng cÃ³ lá»‘i Ä‘i. 1 phÃ²ng cÃ³ nhiÃªu m vuÃ´ng Ä‘Ã¢u mÃ  tÆ°á»Ÿng nhÃ©t cáº£ tháº¿ giá»›i vÃ o.   ThÃªm",1 sao,má»™t thÃ¡ng trÆ°á»›c
"KhÃ´ng gian mÃ¡t máº», sáº¡ch sáº½, siÃªu mÃª mÃ¬ Ã½ cá»§a Jollibee luÃ´n. NhÃ¢n viÃªn thÃ¬ dá»… thÆ°Æ¡ng, nhiá»‡t tÃ¬nh. Äá»“ Äƒn: â€¦   ThÃªm",5 sao,má»™t tuáº§n trÆ°á»›c
"Cháº¥t lÆ°á»£ng: Äá»“ Äƒn khÃ´ng khÃ¡c láº¯m so vá»›i cÃ¡c cÆ¡ sá»Ÿ khÃ¡c, gÃ  giÃ²n, mÃ¬ Ã ngon, nÆ°á»›c cam Ä‘Ã o uá»‘ng ráº¥t á»•n.
Dá»‹ch vá»¥: ThÃ¢n thiá»‡n vÃ  khÃ¡ nhiá»‡t tÃ¬nh. â€¦   ThÃªm",5 sao,7 thÃ¡ng trÆ°á»›c
"NhÃ¢n viÃªn á»Ÿ Ä‘Ã¢y cÃ³ Ä‘Æ°á»£c Ä‘Ã o táº¡o nch vá»›i khÃ¡ch khÃ´ng, 1 nhÃ¢n viÃªn ná»¯ phá»¥c vá»¥ Ä‘eo kÃ­nh thÃ¬ liáº¿c khÃ¡ch , thu ngÃ¢n order  Ä‘á»©ng á»Ÿ giá»¯a thÃ¬ nÃ³i chuyá»‡n trá»‘ng khÃ´ng. MÃ¬nh Ä‘i 2 ngÆ°á»i vÃ o khÃ´ng 1 nhÃ¢n viÃªn nÃ o chÃ o   ThÃªm",1 sao,má»™t thÃ¡ng trÆ°á»›c
Láº§n nÃ o ghÃ© cÅ©ng ráº¥t Ä‘Ã´ng nhÆ°ng cÃ¡c báº¡n nhÃ¢n viÃªn phuc vá»¥ lÃ m mÃ³n ráº¥t láº¹ Dá»‹ch vá»¥:  5,5 sao,6 thÃ¡ng trÆ°á»›c
"Tá»¥i mÃ¬nh ghÃ© lÃºc 20h thá»© 4 4/6 quÃ¡n Ä‘Ã´ng khÃ¡ch mÃ  Ä‘á»“ Äƒn ngon nhÃ¢n viÃªn order phá»¥c vá»¥ dá»… thÆ°Æ¡ng, tá»¥i mÃ¬nh thÃ¬ ngá»“i láº§u 1 gáº§n chá»— cáº§u thang lÃªn xuá»‘ng view loteria thÃ¬ tháº¥y cÃ³ báº¡n nam tÃªn Khoa Ä‘i lÃªn tá»¥i mÃ¬nh nghe cÃ¡i mÃ¹i khÃ³ chá»‹u tá»« báº¡n áº¥y mÃ  Äƒn khÃ´ng ná»•i. NhÆ°ng mÃ  quÃ¡n dá»… thÆ°Æ¡ng tá»¥i mÃ¬nh sáº½ á»§ng há»™ dÃ i dÃ i   ThÃªm",5 sao,2 thÃ¡ng trÆ°á»›c
"QuÃ¡n ráº¥t Ä‘Ã´ng nhÆ°ng phá»¥c vá»¥ nhanh, gÃ  luÃ´n nÃ³ng vÃ  má»›i. Äá»“ Äƒn:  5â€¦   ThÃªm",5 sao,3 thÃ¡ng trÆ°á»›c
"QuÃ¡n ruá»™t cá»§a gia Ä‘Ã¬nh khi Ä‘áº¿n cuá»‘i tuáº§n. Máº¥y Ä‘á»©a nhá» ráº¥t thÃ­ch. Chi nhÃ¡nh Tráº§n HÆ°ng Äáº¡o cho khÄƒn giáº¥y thoáº£i mÃ¡i, Ä‘áº·c biá»‡t lÃ  mÃ³n kem cho socola nhiá»u Äƒn ráº¥t thÆ¡m, gia Ä‘Ã¬nh mÃ¬nh giá»n mÃ³n nÃ y, Ä‘i Äƒn láº§n nÃ o má»—i ngÆ°á»i cÅ©ng Äƒn Ã­t nháº¥t 2 hÅ© kem.   ThÃªm",5 sao,má»™t nÄƒm trÆ°á»›c
Äi Äƒn á»Ÿ Ä‘Ã¢y tháº¥y view á»Ÿ trÃªn cao nhÃ¬n xuá»‘ng vá» Ä‘Ãªm Ä‘áº¹p vá»«a Äƒn gÃ  vs mÃ¬ vá»«a ngáº¯m Ä‘Æ°á»ng phá»‘ hihi Äá»“ Äƒn: â€¦   ThÃªm,5 sao,6 ngÃ y trÆ°á»›c
"MÃ¬nh ghÃ© quÃ¡n vÃ o giá» cao Ä‘iá»ƒm, khÃ¡ Ä‘Ã´ng khÃ¡ch nÃªn pháº£i Ä‘á»©ng Ä‘á»£i khÃ¡ lÃ¢u má»›i cÃ³ chá»— ngá»“i. NhÃ¢n viÃªn phá»¥c vá»¥ cÃ³ váº» má»‡t má»i, thÃ¡i Ä‘á»™ chÆ°a tháº­t sá»± thÃ¢n thiá»‡n. MÃ¬nh hiá»ƒu lÃ  lÃºc Ä‘Ã´ng sáº½ Ã¡p lá»±c, nhÆ°ng náº¿u nhÃ¢n viÃªn vui váº» hÆ¡n thÃ¬ tráº£i nghiá»‡m sáº½ â€¦   ThÃªm",3 sao,3 thÃ¡ng trÆ°á»›c
"MÃ¬nh á»Ÿ TÃ¢n PhÃº nÃªn hay Ã¢n chi nhÃ¡nh bÃªn Ã‚u CÆ¡,nay qa quáº­n8 chÆ¡i thÃ¨m gÃ  cá»§a JLB nÃªn cháº¡y qua Ä‘Ã¢y Äƒn,cÃ³ dáº«n theo bÃ© chÃ¡u,buá»•i tá»‘i ráº¥t Ä‘Ã´ng nhÃ¢n viÃªn tháº¥y mÃ¬nh dáº¯t theo bÃ© nhá» nÃªn nhiáº¹t tÃ¬nh tÃ¬m bÃ n cho mÃ¬nh vÃ  bÃ© ngá»“i,gÃ  ngon láº¯m,em bÃ© 5t Äƒn háº¿t 1 pháº§n cÆ¡m Ä‘Ã¹i gÃ  lun,kem tÆ°Æ¡i cÅ©ng ráº¥t ngon,cáº§m Äƒn lÃ¢u ko bá»‹ cháº£y nÆ°á»›c   ThÃªm",5 sao,10 thÃ¡ng trÆ°á»›c
"Náº£i má»›i Äƒn á»Ÿ Ä‘Ã¢y vá» , nhÃ¢n viÃªn phá»¥c vá»¥ váº«n ok nhÆ°ng cÃ¡i váº¥n Ä‘á» lÃ  quÃ¡n quÃ¡ dÆ¡ , phÃ²ng mÃ¡y láº¡nh mÃ  dÆ°á»›i toÃ n rÃ¡c dáº§u má»¡ , bÃ n cÅ©ng dÆ¡ , mÃ  ngá»“i Äƒn mÃ¡y láº¡nh trong kh gian dÆ¡ v nÃ³ cÃ²n tá»‡ hÆ¡n á»Ÿ ngoÃ i lá» Ä‘Æ°á»ng ná»¯a , má»i thá»© ok trá»« Ä‘iá»ƒm bá»‹ dÆ¡ â€¦   ThÃªm",4 sao,3 thÃ¡ng trÆ°á»›c
"Má»—i loáº¡i pizza vÃ  má»³ Ã chá»‰ Ä‘Æ°á»£c lÃ m khi khÃ¡ch order nÃªn luÃ´n Ä‘áº£m báº£o sá»± tÆ°Æ¡i ngon. HÆ¡n ná»¯a, nguyÃªn liá»‡u cÅ©ng ráº¥t sáº¡ch sáº½. Cá»™ng thÃªm tÃ i cháº¿ biáº¿n khÃ©o lÃ©o cá»§a Ä‘áº§u báº¿p, cÃ¡c báº¡n sáº½ cÃ³ mÃ³n Äƒn chuáº©n vá»‹ Italia.   ThÃªm",5 sao,Thá»i gian chá»‰nh sá»­a: 2 nÄƒm trÆ°á»›c
Äá»“ Äƒn lÃ m nhanh vÃ  nhÃ¢n viÃªn ráº¥t nhiá»‡t tÃ¬nh nha :> kem ngon háº¿t sáº£y Äá»“ Äƒn:  5â€¦   ThÃªm,5 sao,má»™t tuáº§n trÆ°á»›c
"QuÃ¡n náº±m ngay ngÃ£ tÆ° ráº¥t dá»… tháº¥y, cÃ³ láº§u cho khÃ¡ch ngá»“i Äƒn, tuy nhiÃªn khÃ´ng gian giá»¯a cÃ¡c bÃ n hÆ¡i cháº­t. MÃ³n ngon, phÃ¹ há»£p kháº©u vá»‹.",5 sao,má»™t nÄƒm trÆ°á»›c
"Äi vÃ o giá» cao Ä‘iá»ƒm nÃªn cÅ©ng thÃ´ng cáº£m Ä‘Æ°á»£c viá»‡c khÃ¡ch Ä‘Ã´ng, nhÆ°ng mÃ¬nh cÅ©ng nÃªn biáº¿t khÃ¡ch nÃ o vÃ o trÆ°á»›c khÃ¡ch nÃ o vÃ o sau Ä‘á»ƒ mang mÃ³n cho Ä‘Ãºng. KhÃ¡ch vÃ o Ä‘Ã´ng nhÆ°ng láº¡i Ä‘á»ƒ 1 báº¡n má»›i vÃ o quáº§y order, thao tÃ¡c cháº­m cháº¡p, lá» má». VÃ i nhÃ¢n viÃªn â€¦   ThÃªm",2 sao,2 thÃ¡ng trÆ°á»›c
BÃ¡c báº£o vá»‡ to con thÃ¡i Ä‘á»™ khÃ¡ lá»“i lÃµm. KhÃ¡ch Ä‘áº¿n Ä‘á»ƒ xe há»i pháº£i Ä‘á»ƒ á»Ÿ Ä‘Ã¢u thÃ¬ bÃ¡c láº¡i tráº£ lá»i báº±ng khÃ¡ch quÃ¡t thÃ¡o. KhÃ´ng biáº¿t do mÃ¬nh pháº£n bÃ¡c láº¡i hay sao mÃ  sau khi Äƒn xong tháº¥y xe Ä‘Æ°á»£c Ä‘á»ƒ gá»n 1 gÃ³c chÆ¡ vÆ¡ 1 mÃ¬nh khÃ´ng che ngoÃ i náº¯ng. LÃ  â€¦   ThÃªm,1 sao,3 thÃ¡ng trÆ°á»›c
MÃ¬nh thiáº¿t nghÄ© hÃ£ng nÃªn train láº¡i nhÃ¢n viÃªn phá»¥c vá»¥ trÃªn láº§u 1 ca tá»‘i ngÃ y 2/4/2025. KhÃ´ng hiá»ƒu sao láº¡i khÃ´ng cho khÃ¡ch ngá»“i vÃ o bÃ n khÃ¡ch lá»±a (bÃ n sofa). MÃ¬nh vÃ  báº¡n mÃ¬nh (2 ngÆ°á»i) muá»‘n ngá»“i bÃ n cÃ³ gháº¿ sofa vÃ¬ á»Ÿ bÃ n Ä‘Ã³ khÃ¡ rá»™ng vÃ  thoáº£i â€¦   ThÃªm,1 sao,4 thÃ¡ng trÆ°á»›c
"Sá»± nhiá»‡t tÃ¬nh cá»§a cÃ¡c báº¡n nhÃ¢n viÃªn , cÃ¡c chÃº báº£o vá»‡ lÃ  Ä‘iá»ƒm mÃ¬nh áº¥n tÆ°á»£ng nháº¥t cá»§a chi nhÃ¡nh nÃ y . Cáº£m Æ¡n mn Ä‘Ã£ cho mÃ¬nh 1 tráº£i nghiá»‡m tá»‘t Ä‘áº¹p .   ThÃªm",5 sao,má»™t thÃ¡ng trÆ°á»›c
"Pháº§n Äƒn khÃ¡ nhiá»u. GÃ  khÃ´ , cáº¯n miáº¿ng nÃ o miáº¿ng náº¥y , nuá»‘t xuá»‘ng mÃ  cá»• há»ng Ä‘au rÃ¡t . Cháº£ hiá»ƒu sao . Vá»«a khÃ´ vá»«a nguá»™i, trong khi xáº¹t sang nhÃ  mÃ¬nh chá»‰ táº§m 5â€™. Khoai bá»‹ yá»ƒu. Láº§n Ä‘áº§u tiÃªn Äƒn gÃ  rÃ¡n mÃ  cáº£m giÃ¡c nhÆ° giáº£m cÃ¢n,Äƒn á»©c gÃ  luá»™c hay s ğŸ˜… KhÃ´ queo, chÃ¡n Ä‘á»i dá»… sá»£ â€¦   ThÃªm",1 sao,má»™t nÄƒm trÆ°á»›c
"Má»i thá»© Ä‘á»u á»•n, náº¿u khÃ´ng gian quÃ¡n rá»™ng hÆ¡n chÃºt sáº½ tá»‘t hÆ¡n. VÃ¬ vÃ o giá» cao Ä‘iá»ƒm dÃ¹ cÃ³ bÃ n ngá»“i nhÆ°ng ngá»“i ráº¥t sÃ¡t nhau.   ThÃªm",4 sao,má»™t thÃ¡ng trÆ°á»›c
"Chiá»u nay 6h mÃ¬nh Äƒn pháº£i cÃ¡i berger tÃ´m khÃ´ queo dai nhÃ¡ch, nhÆ° kiá»ƒu Ä‘á»“ bá»‹ bÃ¹m hÃ ng lÃºc sÃ¡ng Ä‘á»ƒ láº¡i chiá»u cho khÃ¡ch Äƒn váº­y!   ThÃªm",1 sao,má»™t thÃ¡ng trÆ°á»›c
"Fan cá»©ng Jollibee, vÃ¬ gáº§n nhÃ  nÃªn 1 tuáº§n mÃ¬nh ghÃ© Äƒn 2 3 láº§nğŸ˜‡ğŸ˜‡
Äá»‘i vá»›i mÃ¬nh Jollibee lÃ  tuyá»‡t nháº¥t rá»“i, khÃ´ng cÃ³ Ä‘iá»ƒm gÃ¬ Ä‘á»ƒ chÃª, tá»« cháº¥t lÆ°á»£ng mÃ³n Äƒn Ä‘áº¿n thÃ¡i Ä‘á»™ phá»¥c vá»¥, 10 Ä‘iá»ƒmmm!!! â€¦   ThÃªm",5 sao,9 thÃ¡ng trÆ°á»›c
"jollibee á»Ÿ chi nhÃ¡nh nÃ y Äƒn pháº£i nÃ³i lÃ  siÃªu dá»Ÿ. mua 1 gÃ  sá»‘t cay nhÆ°ng k cay, cÃ²n gÃ  giÃ²n thÃ¬ ráº¥t lÃ  máº·n, má»m, Äƒn cáº£m giÃ¡c nhÆ° Ä‘ang ngáº­m muá»‘i biá»ƒn.   ThÃªm",1 sao,má»™t thÃ¡ng trÆ°á»›c
"MÃ¬nh mua gÃ  mang vá», dáº·n nhÃ¢n viÃªn láº¥y gÃ  sá»‘t cay, báº¥m bill cÃ³ sá»‘t cay luÃ´n. Vá» nhÃ  má»Ÿ há»™p gÃ  ra tháº¥y gÃ  thÆ°á»ng, Ä‘ang Ä‘Ã³i nhÃ¬n há»™p gÃ  kh Ä‘Ãºng Ã½ bá»±c luÃ´n Ã¡. 2 pháº§n cho cÃ³ 1 bá»‹ch tÆ°Æ¡ng ğŸ¤·ğŸ»â€â™€ï¸ â€¦   ThÃªm",3 sao,4 thÃ¡ng trÆ°á»›c
"KhÃ´ng cáº§n pháº£i nÃ³i nhiá»u, jollibee lÃ  chÃ¢n Ã¡i, nv thÃ¬ dá»… thÆ°Æ¡ng, thÃ¢n thiá»‡n, chÄƒm sÃ³c táº­n tÃ¬nhâ¤ï¸ğŸ¥° â€¦ Äá»“ Äƒn: â€¦   ThÃªm",5 sao,má»™t tuáº§n trÆ°á»›c
LÃºc tráº» cÅ©ng hay ghÃ© máº¥y tiá»‡m Ä‘á»“ Äƒn nhanh Ä‘á»ƒ Äƒn táº¡i mÃ¬nh ghiá»n máº¥y Ä‘á»“ chiÃªn giÃ²n. Jolibee nÃ y gáº§n chá»— lÃ m nÃªn trÆ°a máº¥y anh em gá»i vá» phÃ²ng Äƒn cho tiá»‡n. Giao hÃ ng ráº¥t nhanh Ä‘á»“ Äƒn váº«n nÃ³ng. GiÃ¡ mÃ¬nh tháº¥y cÅ©ng ráº» má»™t pháº§n mÃ¬ vá»›i gÃ  rÃ¡n vÃ  cáº£ â€¦   ThÃªm,3 sao,2 nÄƒm trÆ°á»›c
"Äá»“ Äƒn ngon!
KhÃ´ng gian rá»™ng, thoÃ¡ng mÃ¡t.
NhÃ¢n viÃªn vui váº» nhiá»‡t tÃ¬nh, há»— trá»£ khÃ¡ch hÃ ng háº¿t sá»©c mÃ¬nh. â€¦   ThÃªm",5 sao,3 nÄƒm trÆ°á»›c
"Jollibee Quáº­n 5 mang Ä‘áº¿n khÃ´ng gian sáº¡ch sáº½, thoáº£i mÃ¡i, phÃ¹ há»£p cho nhá»¯ng buá»•i gáº·p gá»¡ báº¡n bÃ¨ hoáº·c gia Ä‘Ã¬nh. CÃ¡c mÃ³n Äƒn ná»•i báº­t nhÆ° gÃ  rÃ¡n, burger vÃ  mÃ¬ spaghetti Ä‘á»u Ä‘Æ°á»£c cháº¿ biáº¿n nhanh chÃ³ng vÃ  hÆ°Æ¡ng vá»‹ ngon miá»‡ng, Ä‘áº­m Ä‘Ã . Dá»‹ch vá»¥ nhanh â€¦   ThÃªm",5 sao,4 thÃ¡ng trÆ°á»›c
"KhÃ´ng gian rá»™ng rÃ£i thoÃ¡ng mÃ¡t, nhÃ¢n viÃªn Thuá»³ DÆ°Æ¡ng Ä‘Ã¡ng yÃªu vÃ´ cÃ¹ng Dá»‹ch vá»¥â€¦   ThÃªm",5 sao,má»™t tuáº§n trÆ°á»›c
"voucher cÃ³ má»³ Ã½ vá»›i cáº£ gÃ , mÃ  Ä‘Æ°a cho mÃ¬nh má»—i gÃ  vÃ  khoai, khÃ´ng cÃ³ tÆ°Æ¡ng cho khÃ¡ch, nhÃ¢n viÃªn quÃ¡ tá»‡   ThÃªm",2 sao,má»™t thÃ¡ng trÆ°á»›c
"Äá»“ Äƒn ngon, view Ä‘áº¹p, phá»¥c vá»¥ tá»‘t, hÆ¡i á»“n Dá»‹ch vá»¥ Ä‚n táº¡i chá»—â€¦   ThÃªm",5 sao,7 thÃ¡ng trÆ°á»›c
"NhÃ¢n viÃªn nhiá»‡t tÃ¬nh, take care khÃ¡ch hÃ ng. CÃ¡c báº¡n thu ngÃ¢n dá»… thÆ°Æ¡ng, Ä‘áº·t biá»‡t lÃ  báº¡n ""TiÃªn"" ráº¥t nhiá»‡t tÃ¬nh vÃ  thÃ¢n thiá»‡n. Láº§n tá»›i tÃ´i sáº½ Ä‘i Äƒn tiáº¿pğŸ¤Œ â€¦   ThÃªm",5 sao,2 thÃ¡ng trÆ°á»›c
"Chi nhÃ¡nh á»Ÿ gÃ³c Ä‘Æ°á»ng Tráº§n HÆ°ng Äáº¡o - Nguyá»…n VÄƒn Cá»«. QuÃ¡n rá»™ng rÃ£i cÃ³ hai láº§u. NhÃ¢n viÃªn nhiá»‡t tÃ¬nh vui váº». Cháº¥t lÆ°á»£ng váº«n khÃ´ng thay Ä‘á»•i, hÆ°Æ¡ng vá»‹ tuá»•i thÆ¡ Ä‘áº­m cháº¥t   ThÃªm",4 sao,má»™t nÄƒm trÆ°á»›c
"MÃ¬nh thÃ­ch Ä‘á»“ Äƒn á»Ÿ Ä‘Ã¢y, cÃ³ cÆ¡m, mÃ¬, gÃ ,... Ä‘á»u ráº¥t ngon. KhÃ´ng gian rá»™ng rÃ£i, view nhÃ¬n ra ngÃ£ tÆ°.
Máº¥y nÄƒm trÆ°á»›c nhÃ¢n viÃªn ai cÅ©ng dá»… thÆ°Æ¡ng, nhiá»‡t tÃ¬nh nhÆ°ng gáº§n Ä‘Ã¢y mÃ¬nh ghÃ© qua â€¦   ThÃªm",4 sao,4 nÄƒm trÆ°á»›c
"Nay quÃ¡n Ä‘Ã´ng, mÃ¬nh thÃ¬ Ä‘i Äƒn táº¡i chá»—, nhÆ°ng tÃ¬m Ä‘c 1 chá»— thoáº£i mÃ¡i thÃ¬ vá»«a Ä‘Ãºng lÃºc cÃ³ Ä‘á»“ Äƒn thÃ¬ mÃ¬nh tÃ­nh chuyá»ƒn qua Ä‘Ã³ ngá»“i thÃ¬ nv nÃ³i lÃ  chá»— nÃ y dÃ nh cho 4 ngÆ°á»i rá»“i cho mÃ¬nh qua chá»— gáº§n gÃ³c nhá» vá»«a cháº­t vá»«a háº¹p rá»“i 1 lÃºc sau, cÅ©ng lÃ  chá»— mÃ¬nh tÃ­nh ngá»“i thÃ¬ cÃ³ 2 báº¡n vÃ´ ngá»“i thÃ¬ nhÃ¢n viÃªn k nÃ³i gÃ¬. NÃ³i chung lÃ  tá»‡.   ThÃªm",1 sao,3 thÃ¡ng trÆ°á»›c
"MÃ¬nh khÃ´ng cÃ³ váº¥n Ä‘á» gÃ¬ vá» Ä‘á»“ Äƒn nhÆ°ng mÃ¬nh Ã½ kiáº¿n vá» thÃ¡i Ä‘á»™ nhÃ¢n viÃªn buá»•i trÆ°a ngÃ y 23/3/2024.
1. Ord xong khÃ´ng Ä‘Æ°a bill. â€¦   ThÃªm",1 sao,má»™t nÄƒm trÆ°á»›c
ÄÃ´ng dÃ£ man ngÃ y thÆ°á»ng mÃ  nhÃ¢n viÃªn siu nhanh lÃªn mÃ³n siu láº¹.10d Dá»‹ch vá»¥â€¦   ThÃªm,5 sao,má»™t nÄƒm trÆ°á»›c
"Ráº¥t Ä‘Ã´ng:) nhÆ°ng cÃ³ view cá»­a kÃ­nh cÅ©ng chill, nhÃ¢n viÃªn lÃ m viá»‡c nhanh Dá»‹ch vá»¥â€¦   ThÃªm",5 sao,6 thÃ¡ng trÆ°á»›c
"QuÃ¡n okie, mÃ  Ä‘Ã´ng quÃ© ğŸ¥¹ â€¦ Dá»‹ch vá»¥ Ä‚n táº¡i chá»—â€¦   ThÃªm",4 sao,6 thÃ¡ng trÆ°á»›c
"31/3 mÃ¬nh ghÃ© buá»•i tá»‘i táº§m 19h Ä‘á»“ Äƒn ngon sáº¡ch sáº½ mÃ¡t máº» giÃ¡ cáº£ há»£p lÃ½, cÃ³ Ä‘iá»u báº¡n phá»¥c vá»¥ nam tÃªn Háº­u Ä‘em mÃ³n ra cho bÃ n mÃ¬nh thÃ¡i Ä‘á»™ khÃ´ng tá»‘t, liáº¿c tá»¥i mÃ¬nh, mÃ¬nh cÃ³ cáº£m giÃ¡c nÃ³i xáº¥u tá»¥i mÃ¬nh, trong khi tá»¥i mÃ¬nh khÃ´ng lÃ m gÃ¬ báº¡n Ä‘Ã³ cáº£, â€¦   ThÃªm",5 sao,4 thÃ¡ng trÆ°á»›c
"Äá»“ Äƒn ngon nhÆ°ng quÃ¡ Ä‘Ã´ng, nhÃ¢n viÃªn phá»¥c vá»¥ tá»‘t Äá»“ Äƒn:  5â€¦   ThÃªm",5 sao,má»™t thÃ¡ng trÆ°á»›c
"Ä‘á»“ Äƒn ngon nha mng!!NhÃ¢n viÃªn phá»¥c vá»¥ vui lÃ©m,MÃ¡t láº¡nh Dá»‹ch vá»¥ Ä‚n táº¡i châ€¦   ThÃªm",5 sao,2 thÃ¡ng trÆ°á»›c
NhÃ¢n viÃªn dá»… thÆ°Æ¡ng. Ngoáº¡i trá»« gÃ  rÃ¡n mÃ¬ Ã½ thÃ¬ kem lÃ  mÃ³n mÃ¬nh thÃ­ch nháº¥t má»—i láº§n ghÃ© láº¡i Äá»“ Äƒn: â€¦   ThÃªm,5 sao,má»™t nÄƒm trÆ°á»›c
"Ngon, á»•n, nÃªn cÃ³ loáº¡i tÆ°Æ¡ng á»›t cay hÆ¡n lÃ  tÆ°Æ¡ng á»›t chua ngá»t bá»Ÿi vÃ¬ toÃ n tháº¥y ngá»t, cháº£ cay tÃ­ nÃ o Dá»‹â€¦   ThÃªm",5 sao,má»™t nÄƒm trÆ°á»›c
"Äá»“ Äƒn ngon, chá»— ngá»“i nhiá»u nhÆ°ng khÃ´ng gian giá»¯a cÃ¡c bÃ n tÆ°Æ¡ng Ä‘á»‘i gáº§n nhau. Äá»“ Ä‘á»±ng sá»‘t hÆ¡i nhá» pháº£i Ä‘i láº¥y máº¥y láº§n má»›i Ä‘á»§ Äƒn.   ThÃªm",5 sao,má»™t nÄƒm trÆ°á»›c
"Ä‘á»“ Äƒn ngon , lÃ m nhanh , nhÃ¢n viÃªn hiá»n khÃ´ , lá»… phÃ©p , nhiá»‡t tÃ¬nh , ngá»“i mÃ¡y láº¡nh mÃ¡t máº» , khÃ´ng cÃ³ gÃ¬ Ä‘á»ƒ chÃª   ThÃªm",5 sao,2 thÃ¡ng trÆ°á»›c
"QuÃ¡ ngon, ráº¥t recommended mng Ä‘i chá»— nÃ y nhÃ©, phá»¥c vá»¥ cá»±c ká»³ nhanh luÃ´n Dá»‹ch vá»¥â€¦   ThÃªm",5 sao,má»™t thÃ¡ng trÆ°á»›c
Äi Ä‘Ãºng lÃºc Ä‘Ã´ng ngá»“i Ä‘á»£i thÃ¬ thÃ´i nhÃ©. NhÃ¢n viÃªn upsale nhiá»‡t tÃ¬nhğŸ˜. MÃ¬nh mua cá»¡ ~600 Äƒn cho 4ng phÃª thÃ¬ thÃ´i nhÃ©ğŸ˜­ğŸ¥°ğŸ¥¹ â€¦   ThÃªm,5 sao,2 thÃ¡ng trÆ°á»›c
QuÃ¡n Ä‘Ã´ng lÃ  nhÃ¢n viÃªn khÃ´ng cho khÃ¡ch ngá»“i bÃ n khÃ¡ch chá»n mÃ  dá»i chá»— cháº­t cá»©ng xoay ngÆ°á»i cÃ²n khÃ´ng Ä‘Æ°á»£c thÃ¬ Äƒn sao????   ThÃªm,1 sao,4 thÃ¡ng trÆ°á»›c
"NhÃ¢n viÃªn THÃI Äá»˜ vá»›i khÃ¡ch hÃ ng vÃ  giao thiáº¿u mÃ³n, Ä‘á»“ Äƒn bá»‹ Ä‘á»• ra ngoÃ i há»™p ráº¥t nhiá»u ( lÃ m ráº¥t áº©u )   ThÃªm",1 sao,2 thÃ¡ng trÆ°á»›c
"MÃ¬nh chá»‰ thÃ­ch má»—i gÃ  sá»‘t vÃ  mÃ¬ Ã½ cá»§a Jollibee thÃ´i, máº¥y mÃ³n cÃ²n láº¡i náº±m á»Ÿ má»©c Ä‘Æ°á»£c thÃ´i. NhÆ°ng mÃ  nÆ°á»›c ngá»t ko cÃ³ gağŸ˜‚ğŸ¤­ â€¦   ThÃªm",5 sao,má»™t nÄƒm trÆ°á»›c
"ChÃº báº£o vá»‡ ráº¥t tuyá»‡t vá»i, máº·c dÃ¹ ngoÃ i trá»i ráº¥t lÃ  náº¯ng nÃ³ng, chÃº nÃ³i chuyá»‡n lá»‹ch sá»±, nháº¹ nhÃ ng, gá»­i lá»i cáº£m Æ¡n vá»›i khÃ¡ch, chÃº cÃ²n chÃºc mÃ¬nh Ä‘i chÆ¡i lá»… vui váº».   ThÃªm",5 sao,3 thÃ¡ng trÆ°á»›c
"LÃ¢u rá»“i mÃ¬nh má»›i ghÃ© chi nhÃ¡nh nÃ y Äƒn. MÃ¬nh nhá»› nháº§m lÃ  á»Ÿ Ä‘Ã¢y cÃ³ CÃ¡ nugget nÃªn mÃ¬nh order thay vÃ¬ báº¡n nhÃ¢n viÃªn nÃ³i vá»›i mÃ¬nh bÃªn Ä‘Ã¢y khÃ´ng cÃ³ bÃ¡n , thÃ¬ báº¡n láº¡i báº£o bÃªn phÃ­a Ä‘á»‘i diá»‡n cÃ³ Ã¡, vá»›i má»™t thÃ¡i Ä‘á»™ háº­m há»±c( phÃ­a Ä‘á»‘i diá»‡n cá»­a hÃ ng nÃ y lÃ  Lotteria ). MÃ¬nh khÃ¡ lÃ  bá»±c, nÃªn train láº¡i nhÃ¢n viÃªn. NgoÃ i ra má»i thá»© Ä‘á»u ok .   ThÃªm",3 sao,má»™t nÄƒm trÆ°á»›c
"MÃ³n Äƒn tÆ°Æ¡ng Ä‘á»‘i ok.
CÃ¡ch phá»¥c vá»¥ tÆ°Æ¡ng Ä‘á»‘i.
Tá»‡ nháº¥t lÃ  quÃ¡n khg cÃ³ TÆ°Æ¡ng á»›t. â€¦   ThÃªm",3 sao,6 nÄƒm trÆ°á»›c
Ä‚n gÃ  ngon láº¯m mÃ  mÃ¬nh thÃ­ch nháº¥t lÃ  MÃ¬ Ã½ Dá»‹ch vá»¥ Ä‚n táº¡i chá»—â€¦   ThÃªm,5 sao,6 ngÃ y trÆ°á»›c
"HÃ´m qua ngÃ y 7/4, mÃ¬nh Ä‘i Äƒn á»Ÿ chá»— nÃ y, rÃµ rÃ ng lÃ  kÃªu up 2 size mÃ¬, mÃ  mang ra dÄ©a mÃ¬ size nhá» hÆ¡n bÃ¬nh thÆ°á»ng mÃ¬nh Äƒn, há»i nhÃ¢n viÃªn Ä‘Ã£ up size chÆ°a, thÃ¬ nhÃ¢n viÃªn bá»‘i rá»‘i nhÃ¬n bill rá»“i má»›i tráº£ lá»i up rá»“i. MÃ¬nh tháº¥y Ã­t nÃªn mÃ¬nh Ä‘Ã£ trá»™n â€¦   ThÃªm",1 sao,má»™t nÄƒm trÆ°á»›c
Báº£o vá»‡ giá»¯ xe thÃ¡i Ä‘á»™ vá»›i khÃ¡ch má»i ngÆ°á»i cáº©n tháº­n cÃ²i chá»«ng tui Ä‘áº­p luÃ´n báº£o vá»‡ Ã coi chá»«ng nha con chÃ³ báº£o vá»‡   ThÃªm,1 sao,4 thÃ¡ng trÆ°á»›c
"CÃ³ thá»ƒ lÃ  Äƒn 7 ngÃ y cÅ©m Ä‘c luÃ´ng sá»‘p, gÃ  vá»›i mÃ¬ siu ngon Dá»‹ch vá»¥ Ä‚n táº¡i â€¦   ThÃªm",5 sao,má»™t thÃ¡ng trÆ°á»›c
"Báº¥t ngá» lÃ  nhÃ¢n viÃªn ráº¥t Ä‘Ã´ng nÃ¨, phá»¥c vá»¥ chu Ä‘Ã¡o vÃ  nhiá»‡t tÃ¬nh láº¯m dÃ¹ cÃ³ hÆ¡i Ä‘Ã´ng nhÆ°ng nhÃ¢n viÃªn khÃ´ng há» tháº¥y khÃ³ chá»‹u, Ä‘á»“ Äƒn thÃ¬ bÃ¬nh thÆ°á»ng nhÆ° má»i chá»— khÃ¡c",4 sao,3 nÄƒm trÆ°á»›c
"Náº±m trÃªn Ä‘Æ°á»ng Nguyá»…n VÄƒn Cá»«, ngay ngÃ£ tÆ° Nguyá»…n VÄƒn Cá»«, Tráº§n HÆ°ng Äáº¡o. QuÃ¡n sáº¡ch sáº½, há»£p vá»‡ sinh, quÃ¡n phá»¥c vá»¥ nhanh. NhÃ¢n viÃªn lá»‹ch sá»±, dá»… thÆ°Æ¡ng, thÃ¡i Ä‘á»™ ráº¥t tá»‘t. Vote 5 sao",5 sao,4 nÄƒm trÆ°á»›c
"QuÃ¡n Ä‘Ã´ng kÃ­n bÃ n, hÆ¡i pÃ¹n vÃ¬ ko cÃ³ tÆ°Æ¡ng á»›t Dá»‹ch vá»¥ Ä‚n táº¡i chá»—â€¦   ThÃªm",4 sao,6 thÃ¡ng trÆ°á»›c
"MÃ¬nh vÃ o Äƒn kem, kem hÆ¡i ngá»t quÃ¡.
QuÃ¡n táº§m 9h lÃ  Ä‘Ã£ háº¿t mÃ³n. NÃªn mÃ¬nh chá»‰ Äƒn Ä‘Æ°á»£c kem thÃ´i. Äá»“ Äƒn: â€¦   ThÃªm",5 sao,2 nÄƒm trÆ°á»›c
"KhÃ´ng gian rá»™ng thoÃ¡ng, Ä‘á»“ Äƒn Ä‘áº­m vá»‹ xá»‘t ngon nha. QuÃ¡n lÃºc nÃ o cÅ©ng Ä‘Ã´ng nÃªn hÆ¡i á»“n xÃ­u hoy. Tá»• chá»©c tiá»‡c cÃ¹ng gÄ‘ báº¡n bÃ¨ thÃ¬ oke Ã³. Con mÃ¬nh nÃ³ mÃª Jollibee dá»¯ láº¯m   ThÃªm",5 sao,11 thÃ¡ng trÆ°á»›c
"GÃ  cá»§a jolibe thÃ¬ khá»i pháº£i bÃ n, nma mÃ¬nh KHÃ”NG THÃCH cÃ¡i viá»‡c phá»¥c vá»¥ cá»§a máº¥y báº¡n , Ä‘Ã£ dáº·n lÃ  thÃªm nÆ°á»›c sá»‘t tháº­m chÃ­ mÃ¬nh cÃ²n kÃªu ráº±ng mua thÃªm nÆ°á»›c sá»‘t máº¥y báº¡n chá»‰ kÃªu chá»‹ cáº§n thÃ¬ em cho thÃªm váº­y mÃ  khÃ´ng cho thÃªm nÆ°á»›c sá»‘t Ä‘Æ°a nÆ°á»›c sá»‘t quÃ¡ Ã­t , 2p gÃ  chá»‰ cÃ³ 2b trong khi bá»‹ch nc sá»‘t cÃ³ chÃºt Ã©t :))) tiáº¿c gÃ¬ máº¥y Ä‘Ã³ váº­y?   ThÃªm",3 sao,má»™t nÄƒm trÆ°á»›c
"PhÃ¹ há»£p cho cÃ¡c báº¡n tráº». GiÃ¡ thÃ nh ok 3 miáº¿ng gÃ  105k, nÆ°á»›c 17k size lá»›n. Cáº£m nháº­n cÅ©ng giá»‘ng nhá»¯ng nÆ¡i khÃ¡c   ThÃªm",4 sao,má»™t nÄƒm trÆ°á»›c
"Jollibee hay cÃ³ nhá»¯ng chÆ°Æ¡ng trÃ¬nh khuyáº¿n mÃ£i mua Äƒn no Ä‘Ã£ luÃ´n, bá»¯a mÃ¬nh nháº­n voucher 89k tá»« Jollibee mÃ  2 Ä‘á»©a Äƒn khÃ´ng háº¿t luÃ´n. KhÃ´ng gian quÃ¡n sáº¡ch sáº½, nhÃ¢n viÃªn phá»¥c vá»¥ chu Ä‘Ã¡o, táº­n tÃ¬nh, nhiá»‡t tÃ¬nh. View ngáº¯m Ä‘Æ°á»ng phá»‘ Ä‘áº¹p máº·c dÃ¹ hÆ¡i Ä‘Ã´ng, hay háº¿t chá»— ngá»“i vÃ  chá»— giá»¯ xe nhá».   ThÃªm",5 sao,má»™t nÄƒm trÆ°á»›c
"QuÃ¡n lÃºc nÃ o cÅ©ng Ä‘Ã´ng, nhÆ°ng nhÃ¢n viÃªn ráº¥t thÃ¢n thiá»‡n, nhiá»‡t tÃ¬nh, 10Ä‘ cho chÃº báº£o vá»‡ â¤ï¸",5 sao,2 nÄƒm trÆ°á»›c
"Ngay gÃ³c ngÃ£ tÆ° Tráº§n HÆ°ng Äáº¡o vÃ  Nguyá»…n VÄƒn Cá»«, Ä‘á»‘i diá»‡n KFC
QuÃ¡n Ä‘Ã´ng nhÃ¢n viÃªn, khÃ¡ch Ä‘Ã´ng, phá»¥c vá»¥ order nhanh, thÃ¡i Ä‘á»™ tá»‘t.
TÃ´i vá»«a lÃªn táº§ng 2 lÃ  láº¡i gáº·p nhÃ¢n viÃªn cáº§m thá»±c Ä‘Æ¡n, khi báº¡n vá»«a Äƒn xong sáº½ Ä‘áº¿n â€¦   ThÃªm",4 sao,5 nÄƒm trÆ°á»›c
"KhÃ¡ thoÃ¡ng mÃ¡t, nhÃ¢n viÃªn phá»¥c vá»¥ táº¡m á»•n. GhÃ© vÃ o dá»‹p cá»­a hÃ ng Ä‘ang sá»­a chá»¯a nÃªn hÆ¡i bá»¥i phÃ­a bÃªn ngoÃ i.",4 sao,4 nÄƒm trÆ°á»›c
"Ráº¥t Ä‘Ã´ng , mÃ¬nh thÃ­ch gÃ  rÃ¡n bÃªn nÃ y hÆ¡n KFC Dá»‹ch vá»¥ Mua mang Ä‘iâ€¦   ThÃªm",5 sao,5 thÃ¡ng trÆ°á»›c
"BÃªn quÃ¡n ship Ä‘á»“ Äƒn khÃ´ng bao giá» check Ä‘Æ¡n, 2 láº§n giao thiáº¿u Ä‘á»“ Äƒn, chá» thÃ¬ gáº§n tiáº¿ng Ä‘á»“ng há»“. Dá»‹ch vá»¥: â€¦   ThÃªm",1 sao,3 thÃ¡ng trÆ°á»›c
"Thá»©c Äƒn Ä‘Æ°á»£c, chá»• ngá»“i hÆ¡i cháº­t, giÃ¡ cáº£ Ä‘Æ°á»£c
ÄÆ°á»£c cÃ¡i ngá»“i mÃ¡y láº¡nh trÃ¡nh cÃ¡i náº¯ng nÃ³ng cá»§a SG",3 sao,6 nÄƒm trÆ°á»›c
"Jollibee Foods CorporationÂ (Táº­p Ä‘oÃ n thá»±c pháº©m Jollibee, cÅ©ng gá»i theo tÃªn viáº¿t táº¯tÂ JFCÂ vÃ  thÆ°á»ng Ä‘Æ°á»£c biáº¿t Ä‘áº¿n vá»›i tÃªn gá»iÂ Jollibee) lÃ  má»™t chuá»—iÂ nhÃ  hÃ ng Äƒn nhanhÂ Ä‘a quá»‘c gia cá»§aÂ Philippines, trá»¥ sá»Ÿ chÃ­nh táº¡iÂ Pasig,Â Philippines. JFC lÃ  â€¦   ThÃªm",4 sao,4 nÄƒm trÆ°á»›c
"Combo 79k khÃ¡ há»i luÃ´n, dáº¡o nÃ y mÃ¬nh Ä‘i quÃ¡n khÃ¡ Ä‘Ã´ng nhÆ°ng nhÃ¢n viÃªn váº«n ráº¥t thÃ¢n thiá»‡n. Dá»‹ch vá»¥â€¦   ThÃªm",5 sao,má»™t nÄƒm trÆ°á»›c
"NhÃ¢n viÃªn thu ngÃ¢n thÃ¢n thiá»‡n, ráº¥t nhiá»‡t tÃ¬nh vá»›i khÃ¡ch. Cháº¯c cháº¯n tÃ´i sáº½ quay láº¡i láº§n ná»¯ağŸ˜ â€¦ Äá»“ Äƒn: â€¦   ThÃªm",5 sao,2 thÃ¡ng trÆ°á»›c
Tiá»‡m gÃ  rÃ¡n jollibee giÃ¡ ráº» ngon tiá»‡m lÃºc nÃ o cÅ©ng Ä‘Ã´ng khÃ¡ch nv phá»¥c vá»¥ chu Ä‘Ã¡o Äá»“ Äƒn:  5,5 sao,Thá»i gian chá»‰nh sá»­a: má»™t nÄƒm trÆ°á»›c
Tá»‡ tháº­t sá»± ! LÃºc chÃ¬u táº§m 4h máº¥y mÃ¬nh mua 1 mÃ¬ Ã½ má»™t gÃ  cay má»™t gÃ  khÃ´ng cay Ä‘Ã£ nÃ³i vá»›i báº¡n sale lÃ  k láº¥y tÆ°Æ¡ng cÃ  mÃ  váº«n láº¥y mÆ°á»i láº§n nhÆ° má»™t Ä‘á»‰nh Ä‘iá»ƒm ngÃ y hÃ´m nay mÃ¬nh má»›i Ä‘Ã¡nh giÃ¡ 1* dá»‹ch vá»¥ tá»‡ mÃ¬nh vÃ o trÆ°á»›c nhÆ°ng Ä‘á»£i nháº­n Ä‘á»“ Äƒn sau â€¦   ThÃªm,1 sao,má»™t nÄƒm trÆ°á»›c
"Ngá»“i Äƒn táº¡i quÃ¡n, Ä‘áº·t combo gÃ  vÃ  bÃ¡nh Ä‘Ã o, nhÃ¢n viÃªn Ä‘Æ°a thiáº¿u cÃ¡i bÃ¡nh nÆ°á»›ng Ä‘Ã o, há»i láº¡i nhÃ¢n viÃªn thÃ¬ nhÃ¢n viÃªn cáº§m luÃ´n cÃ¡i bill vá»›i cÃ¡i sá»‘ bÃ n Ä‘i luÃ´n??? Rá»“i h k cÃ³ cÃ¡i gÃ¬ Ä‘á»ƒ khiáº¿u náº¡i láº¡i luÃ´n???? BÃ¡nh Ä‘Ã o cá»§a tÃ´i Ä‘Ã¢u   ThÃªm",1 sao,6 thÃ¡ng trÆ°á»›c
nÆ¡i nÃ y cÃ³ thá»ƒ dáº¯t gia Ä‘Ã¬nh Ä‘áº¿n Äƒn Ä‘Æ°á»£c Ã¡ Äá»“ Äƒn:  5â€¦   ThÃªm,5 sao,6 ngÃ y trÆ°á»›c
"Ä‘á»“ Äƒn ngon, nhÃ¢n viÃªn thÃ¢n thiá»‡n dá»… thÆ°Æ¡ng. 10000000 Ä‘iá»ƒm Dá»‹ch vá»¥ Ä‚n táº¡iâ€¦   ThÃªm",5 sao,3 tuáº§n trÆ°á»›c
"ChÃº báº£o vá»‡ dá»… thÆ°Æ¡ng láº¯m, cÃ²n Ä‘á»“ Äƒn cá»§a Jollibee mÃ¬nh tháº¥y cÃ¡c chi nhÃ¡nh tÆ°Æ¡ng Ä‘á»“ng vá»›i nhau vÃ  Ä‘Ã³ lÃ  Ä‘iá»u mÃ¬nh ráº¥t thÃ­ch! MÃ¬ sá»‘t bÃ² báº±m vÃ  GÃ  rÃ¡n lÃ  combo quá»‘c dáº«n rÃ¹i!!   ThÃªm",5 sao,má»™t nÄƒm trÆ°á»›c
Ä‘á»“ Äƒn ra nhanh nÃ³ng ngon cÅ©ng oke,4 sao,2 tuáº§n trÆ°á»›c
"Äá»“ Äƒn ngon
NhÃ¢n viÃªn phá»¥c vá»¥ nhiá»‡t tÃ¬nh, dá»… thÆ°Æ¡ng Dá»‹ch vá»¥ Ä‚n táº¡i chá»—â€¦   ThÃªm",5 sao,má»™t nÄƒm trÆ°á»›c
"Äá»“ Äƒn ngon. NhÃ¢n viÃªn nhiá»‡t tÃ¬nh, thÃ¢n thiá»‡n. Kem ráº¥t ngonğŸ¥° â€¦ Dá»‹ch vá»¥ Ä‚n â€¦   ThÃªm",5 sao,Thá»i gian chá»‰nh sá»­a: 8 thÃ¡ng trÆ°á»›c
"NhÃ¢n viÃªn oder thÃ¢n thiá»‡n, Ä‘áº·c biá»‡t lÃ  báº¡n HÃ  nhiá»‡t tÃ¬nh thÃ¢n thiá»‡n vá»›i khÃ¡ch, cháº¯c cháº¯n sáº½ quay láº¡i.   ThÃªm",5 sao,2 thÃ¡ng trÆ°á»›c
MÃ¬nh Ä‘i vÃ o ngÃ y cuá»‘i tuáº§n nÃªn ráº¥t Ä‘Ã´ng khÃ¡ch. Tuy nhiÃªn khÃ´ng biáº¿t cÃ¡ch xáº¿p bÃ n cho khÃ¡ch nhÆ° nÃ o nhÆ°ng bá»n mÃ¬nh Ä‘i 2 ngÆ°á»i Ä‘á»‹nh vÃ o ngá»“i bÃ n cÃ³ gháº¿ Sofa cho thoáº£i mÃ¡i vÃ¬ bá»n mÃ¬nh cÃ³ Ä‘á»“ nhiá»u. Khi bÆ°á»›c vÃ o báº¡n nhÃ¢n viÃªn láº¡i má»i mÃ¬nh qua â€¦   ThÃªm,3 sao,6 thÃ¡ng trÆ°á»›c
"Äáº·t hÃ ng trÃªn app ráº¥t lÃ¢u má»›i Ä‘Æ°á»£c xÃ¡c nháº­n. QuÃ¡n Ä‘Ã´ng thiáº¿u nhÃ¢n viÃªn giao hÃ ng nÃªn tá»± Ä‘áº¿n láº¥y. MÃ¬ Ã½ ngon, gÃ  cay vÃ  khÃ´ng cay Ä‘á»u ngon. ÄÃ´ng nhÆ°ng chuáº©n bá»‹ mÃ³n cÅ©ng khÃ¡ nhanh, nhÃ¢n viÃªn nhiá»‡t tÃ¬nh.   ThÃªm",5 sao,3 nÄƒm trÆ°á»›c
"Ngon!
#vegan Äá»“ Äƒn:  5 Dá»‹ch vá»¥: â€¦   ThÃªm",5 sao,2 ngÃ y trÆ°á»›c
GÃ  hÆ¡i bá»Ÿ. Kem trá»™n chÆ°a Ä‘á»u. KÃªu mÃ³n nÃ y Ä‘em mÃ³n kia. Cháº¯c Ä‘i ngay giá» chuyá»ƒn ca.,4 sao,6 nÄƒm trÆ°á»›c
Äá»“ Äƒn nÆ°á»›c uÃ³ong mÃª nháº¥t nÆ°oc xoÃ i Ä‘Ã o Ã¡ Äá»“ Äƒn:  5â€¦   ThÃªm,5 sao,6 ngÃ y trÆ°á»›c
"Äá»“ Äƒn ngon, phá»¥c vá»¥ chu Ä‘Ã¡o, khÃ´ng gian nhá»™n nhá»‹p nhÆ°ng hÆ¡i láº¡nh ğŸ¥¶ â€¦ Äá»“ Äƒn:  5â€¦   ThÃªm",5 sao,má»™t nÄƒm trÆ°á»›c
"Äá»“ Äƒn thÃ¬ khá»i bÃ n rá»“i ngon nháº¥t lÃ  mÃ¬ Ã½
NhÃ¢n viÃªn hÃ²a Ä‘á»“ng vui váº»
NhÃ¢n viÃªn báº£o vá»‡ vui tÃ­nh Loáº¡i hÃ¬nâ€¦   ThÃªm",5 sao,má»™t nÄƒm trÆ°á»›c
"nhÃ¢n viÃªn thÃ¡i Ä‘á»™ , khÃ´ng niá»m ná»Ÿ . LÃ m dá»‹ch vá»¥ quÃ¡ tá»‡",1 sao,4 tuáº§n trÆ°á»›c
"note 2 á»©c mÃ  láº¥y 1 á»©c 1 Ä‘Ã¹i, vÃ o xin Ä‘á»•i láº¡i thÃ¬ dá»±t ngÆ°á»£c thÃ¡i Ä‘á»™ vá»›i khÃ¡ch",1 sao,2 thÃ¡ng trÆ°á»›c
"Äá»“ Äƒn ngon, view Ä‘áº¹p, chá»— ngá»“i rá»™ng rÃ£i sáº¡ch sáº½, giÃ¡ Ä‘á»“ Äƒn vá»«a pháº£i, nhÃ¢n viÃªn nhiá»‡t tÃ¬nh",5 sao,5 nÄƒm trÆ°á»›c
"Vá»›i má»©c giÃ¡ chá»‰ 116k cho 4 miáº¿ng gÃ  thÃ¬ nÆ¡i nÃ y khÃ¡ lÃ  tá»‘t trong táº§m giÃ¡, chÆ°a ká»ƒ vá» Ä‘á»™ ngon thÃ¬ chá»‰ Ä‘á»©ng dÆ°á»›i Texas Chicken. Xá»©ng Ä‘Ã¡ng quay láº¡i.
If you are looking for a fried chicken brand, this is a good choice for everything.
8/10",5 sao,2 nÄƒm trÆ°á»›c
"Dá»… thÆ°Æ¡ng láº¯m áº¡
CÃ¡m Æ¡n team ráº¥t nhiá»‡t tÃ¬nh nhen â¤ï¸â¤ï¸ Dá»‹ch vá»¥ Ä‚n táº¡i chá»—â€¦   ThÃªm",5 sao,8 thÃ¡ng trÆ°á»›c
"Äá»“ Äƒn ngon, cÃ³ tÆ°Æ¡ng chua ngá»t lÃ m Ä‘iá»ƒm nháº¥n khÃ¡c biá»‡t so vá»›i cÃ¡c gÃ  rÃ¡n khÃ¡c. Tuy nhiÃªn nhiá»u khi nhÃ¢n viÃªn kÃ¬ cá»¥c, thÃ¡i Ä‘á»™ chÆ°a tá»‘t.   ThÃªm",4 sao,3 nÄƒm trÆ°á»›c
Táº¡i sao khÃ´ng phá»¥c vá»¥ combo 69k. Biáº¿t ngÆ°á»i ta cháº¡y xa láº¯m khÃ´ng. KhÃ´ng phá»¥c vá»¥ thÃ¬ thÃ´ng bÃ¡o Äá»“ Äƒn: â€¦   ThÃªm,1 sao,3 thÃ¡ng trÆ°á»›c
MÃ³n Äƒn ngon... nhÃ¢n viÃªn phá»¥c vá»¥ nhiá»‡t tÃ¬nh... Dá»‹ch vá»¥ Ä‚n táº¡i chá»—â€¦   ThÃªm,5 sao,má»™t thÃ¡ng trÆ°á»›c
"Jollibee Tráº§n HÆ°Æ¡ng Äáº¡o sáº¡ch sáº½, khÃ¡ rá»™ng. Äá»“ Äƒn ngon, phá»¥c vá»¥ nhanh chÃ³ng, thÃ¢n thiá»‡n. Dá»‹ch vá»¥â€¦   ThÃªm",4 sao,11 thÃ¡ng trÆ°á»›c
"Äá»“ Äƒn ngon, nhÃ¢n viÃªn thÃ¢n thiá»‡n, khÃ´ng cáº§n chá» lÃ¢u!! Dá»‹ch vá»¥ Ä‚n táº¡i chá»—â€¦   ThÃªm",5 sao,2 thÃ¡ng trÆ°á»›c
"KhÃ´ng gian khÃ¡ ok nhÆ°ng trÆ°a thÃ¬ quÃ¡ Ä‘Ã´ng
Dá»‹ch vá»¥ á»•n
Äá»“ Äƒn khÃ¡ ngon nhÆ°ng khÃ´ng cÃ³ gÃ  cay. MÃ¬nh thÃ¬ thÃ­ch Äƒn cay   ThÃªm",5 sao,2 nÄƒm trÆ°á»›c
"MÃ¬nh cÃ³ viá»‡c nhÆ°ng mÃ  Ä‘i sá»›m quÃ¡ chá»— Ä‘Ã³ chÆ°a má»Ÿ cá»­a thÃ¬ mÃ¬nh cÃ³ ghÃ© vÃ o Ä‘Ã¢y, mÃ¬nh chá»‰ gá»i ly nÆ°á»›c nhÆ°ng nhÃ¢n viÃªn váº«n ráº¥t nice , khÃ´ng gian sáº¡ch sáº½ vá»‡ sinh mÃ¡t máº»   ThÃªm",5 sao,6 thÃ¡ng trÆ°á»›c
tuyá»‡t vá»i k cÃ³ gÃ¬ Ä‘á»ƒ nÃ³i thÃªm quÃ¡ xuáº¥t sáº¯c Äá»“ Äƒn:  5â€¦   ThÃªm,5 sao,má»™t tuáº§n trÆ°á»›c
"Äá»“ Äƒn ngon , quÃ¡n hÆ¡i Ä‘Ã´ng Dá»‹ch vá»¥ Ä‚n táº¡i chá»—â€¦   ThÃªm",5 sao,má»™t nÄƒm trÆ°á»›c
"Jollibee lÃºc nÃ o cÅ©ng cÃ³ máº¥y combo ngon rá»§ no nÃª tháº¿ nÃ y, cÆ¡ mÃ  bá»¯a mÃ¬nh Ä‘i cuá»‘i tuáº§n hÆ¡i Ä‘Ã´ng nÃªn pháº£i ngá»“i kÃ© bÃ n dÃ i Ä‘á»ƒ Äƒn nÃªn hi vá»ng sau nÃ y cÃ³ má»Ÿ luÃ´n cáº£ táº§ng 2 vÃ o dá»‹p lá»…, cuá»‘i tuáº§n.   ThÃªm",4 sao,2 nÄƒm trÆ°á»›c
"Ráº¥t tá»‡ quÃ¡n gÃ¬ Ä‘Ã¢u nhÃ¢n viÃªn phÃ¢n biá»‡t Ä‘á»‘i xá»­, mÃ¬nh lÃªn trÆ°á»›c tháº¥y cÃ³ chÃµi gháº¿ sofa Ä‘Ã²i vÃ´ Ä‘Ã³ ngÃ´i nhÃ¢n viÃªn nÃ³i lÃ  chá»— 4 ngÆ°á»i váº­y mÃ  má»™t lÃ¡t cÅ©ng hai máº¹ con lÃªn váº­y mÃ  ngÆ°á»i ta Ä‘Æ°á»£c vÃ´ y chá»— Ä‘Ã³ ngá»“i khÃ´ng ai cáº£n, khÃ´ng Ä‘Ã¡ng tiá»n tá»‡ háº¡i   ThÃªm",1 sao,7 thÃ¡ng trÆ°á»›c
"QuÃ¡n sáº¡ch sáº½ thá»©c Äƒn ngon,gÃ  chá»‰n chuáº©n ngon,há»£p kháº©u vá»‹ cáº£ ngÆ°á»i lá»›n vÃ  con nÃ­t",5 sao,4 nÄƒm trÆ°á»›c
"Chá» tÃ­nh tiá»n gáº§n 10p xong tiá»‡m kÃªu mÃ¬nh lÃ  pháº£i cÃ³ bÃ n má»›i order Ä‘Æ°á»£c
Trong khi gá»­i xe mÃ¬nh nÃ³i lÃ  Äƒn táº¡i chá»—
VÃ´ tiá»‡m cÅ©ng khi nghe ai nÃ³i gÃ¬, tá»›i lÃºc thanh toÃ¡n láº¡i nÃ³i cÃ¢u trÃªn
Váº­y giá» khÃ´ng cÃ³ bÃ n thÃ¬ mÃ¬nh lÃ m gi ? Äi vá» háº£   ThÃªm",1 sao,8 thÃ¡ng trÆ°á»›c
"NhÃ¢n viÃªn khÃ´ng lÃ m theo ghi chÃº, note 6 bá»‹ch tÆ°Æ¡ng cuá»‘i cÃ¹ng Äƒn khoai vÃ  gÃ  khÃ´ng cÃ³ 1 bá»‹ch tÆ°Æ¡ng chua ngá»t   ThÃªm",1 sao,6 thÃ¡ng trÆ°á»›c
"Äá»“ Äƒn ngon ráº», bá»¯a cÃ³ sá»± kiá»‡n táº·ng gáº¥u bÃ´ng capypara ráº¥t may mÃ¬nh Ä‘áº·t qua app vÃ  tá»›i láº¥y quÃ¡n giá»¯ Ä‘Æ¡n cho mÃ¬nh phá»¥c vá»¥ nhanh nháº¹n táº­n tÃ¬nh chu Ä‘Ã¡o, ráº¥t thÃ­ch Äƒn á»Ÿ Jollibee mong cÃ³ thÃªm gÃ  sá»‘t phÃ´ mai.   ThÃªm",5 sao,7 thÃ¡ng trÆ°á»›c
"QuÃ¡n Ä‘Ã´ng, chá»— ngá»“i ráº¥t cháº­t, gÃ  chiÃªn Äƒn k ngon vÃ  k dc giÃ²n láº¯m máº·c dÃ¹ Ä‘ang ráº¥t nÃ³ng há»•i, trong cÃ¡c chuá»—i gÃ  chiÃªn thÃ¬ cÃ¡ nhÃ¢n m xáº¿p hiá»‡u nÃ y háº¡ng cuá»‘i. Cháº¥m tÆ°Æ¡ng á»›t ngá»t mÃ  k cÃ³ tÆ°Æ¡ng á»›t cay, k há»£p kháº©u vá»‹ cÃ¡ nhÃ¢n m. HÆ¡n ná»¯a luÃ´n cÃ³ â€¦   ThÃªm",2 sao,7 thÃ¡ng trÆ°á»›c
"Ä‚n buá»•i trÆ°a ráº¥t Ä‘Ã´ng khÃ¡ch, nv nhiá»‡t tÃ¬nh GiÃ¡ má»—i ngÆ°á»i 100-200Â NÂ â‚«â€¦   ThÃªm",5 sao,má»™t thÃ¡ng trÆ°á»›c
cá»­a hÃ ng lÃ m quÃ¡ lÃ¢u Ä‘á»£i hÆ¡n 1 tiáº¿ng váº«n chÆ°a giao Ä‘á»“ Äƒn Dá»‹ch vá»¥ Giao táº­â€¦   ThÃªm,1 sao,4 thÃ¡ng trÆ°á»›c
Ä‚n cÅ©ng ngon. NhÃ¢n viÃªn thÃ¢n thiá»‡n. Chá»— mÃ¡t máº».,5 sao,3 nÄƒm trÆ°á»›c
GÃ  khÃ´ng tÆ°Æ¡i vÃ  mÃ³n má»›i nháº¥t cÅ©ng ngon nhÃ¢n hamburger Tom khÃ´ng ngon Dá»‹ch vá»¥â€¦   ThÃªm,1 sao,3 thÃ¡ng trÆ°á»›c
"Phá»¥c vá»¥ tá»‘t.
Vá»‹ gÃ , mÃ¬, sá»‘t kháº©u vá»‹ táº¡m Ä‘Æ°á»£c.
Vá»‡ sinh sÃ n nhÃ , bá»“n rá»­a tay khÃ´ng Ä‘Æ°á»£c sáº¡ch sáº½.",3 sao,6 nÄƒm trÆ°á»›c
"Nay mÃ¬nh Ä‘i Äƒn vÃ o khung g cao Ä‘iá»ƒm, cá»­a hÃ ng ráº¥t Ä‘Ã´ng. Tuy nhiÃªn tráº£i nghiá»‡m mÃ¬nh nháº­n dc lÃ  hÆ¡n cáº£ sá»± mong Ä‘á»£i, nhÃ¢n viÃªn ráº¥t thÃ¢n thiá»‡n, quáº£n lÃ­ sáº¯p bÃ n cho khÃ¡ch ráº¥t nhiá»‡t tÃ¬nh, vui váº».   ThÃªm",5 sao,Thá»i gian chá»‰nh sá»­a: 6 thÃ¡ng trÆ°á»›c
"BÃ© nhÃ  mÃ¬nh ráº¥t thÃ­ch mÃ³n mig Ã táº¡i Ä‘Ã¢y. Jollibee dÃ nh cho bÃ©, kháº©u phÃ n, kháº©u vá»‹ ráº¥t há»£p vá»›i bÃ©, giÃ¡ cáº£ há»£p lÃ½. NV mau láº¹ chuyÃªn nghiá»‡p   ThÃªm",5 sao,Thá»i gian chá»‰nh sá»­a: 2 nÄƒm trÆ°á»›c
"MÃ¬ Ã½ ráº», Äƒn cÅ©ng táº¡m á»•n. Náº¿u nÃ³i quÃ¡ xuáº¥t sáº¯c thÃ¬ khÃ´ng tá»›i ná»—i nhÆ°ng nhÃ¬n chung dá»… Äƒn. Dá»‹ch vá»¥â€¦   ThÃªm",4 sao,2 nÄƒm trÆ°á»›c
GÃ  ngon. ÄÃ´ng khÃ¡ch nÃªn Ä‘á»£i hÆ¡i lÃ¢u. MÃ¬ Ã½ khÃ´ng ngon. Giá»­ xe ok.,4 sao,4 nÄƒm trÆ°á»›c
Ä‘á»“ Äƒn ngon mÃ´i trÆ°á»ng thoÃ¡ng nhÃ¢n viÃªn thÃ¢n thiá»‡n Dá»‹ch vá»¥ Ä‚n táº¡i chá»—â€¦   ThÃªm,5 sao,4 thÃ¡ng trÆ°á»›c
"Ä‚n trÆ°a 40k 1 pháº§n, ngá»“i mÃ¡y láº¡nh, ngáº¯m xe cháº¡y cÅ©ng chill. Vá»‡ sinh sáº¡ch sáº½, Ä‘áº§y Ä‘á»§ tiá»‡n nghi Äá»“ Äƒn: â€¦   ThÃªm",5 sao,7 thÃ¡ng trÆ°á»›c
"TrÆ°á»›c giá» jollibee kcj Ä‘á»ƒ mÃ¬nh chÃª háº¿t, nhÆ°ng Ä‘á»£t nÃ y mÃ¬nh khÃ¡ tháº¥t vá»ng, chi nhÃ¡nh khÃ´ng nÃªn ham lá»i mÃ  háº¹n khÃ¡ch khi khÃ´ng cháº¯c cháº¯n vá» sá»‘ lÆ°á»£ng set Äƒn sáº½ bÃ¡n chá»©, mÃ¬nh biáº¿t chÆ°Æ¡ng trÃ¬nh táº·ng gáº¥u khÃ¡ Ä‘Ã´ng vÃ  máº¥y báº¡n quÃ¡ táº£i cÃ´ng viá»‡c nÃªn â€¦   ThÃªm",1 sao,8 thÃ¡ng trÆ°á»›c
"KhÃ³ kiáº¿m chá»— ngá»“i, thiáº¿u sá»± há»— trá»£ cá»§a quÃ¡n Dá»‹ch vá»¥ Ä‚n táº¡i chá»—â€¦   ThÃªm",4 sao,má»™t thÃ¡ng trÆ°á»›c
NhÃ¢n viÃªn ná»¯ láº§u 1 thÃ¡i Ä‘á»™ phá»¥c vá»¥ kÃ©m Dá»‹ch vá»¥ Ä‚n táº¡i chá»—â€¦   ThÃªm,1 sao,2 thÃ¡ng trÆ°á»›c
"nhÃ¢n viÃªn phá»¥c vá»¥ nhiá»‡t tÃ¬nh, khÃ´ng gian cÃ³ gÃ³c nhÃ¬n ra Ä‘Æ°á»ng tráº§n hÆ°ng Ä‘áº¡o vÃ  nguyá»…n vÄƒn cá»« khÃ¡ Ä‘áº¹p",4 sao,Thá»i gian chá»‰nh sá»­a: 7 nÄƒm trÆ°á»›c
"NhÃ¢n ViÃªn CL Trang nhiá»‡t tÃ¬nh, máº¥y báº¡n phá»¥c vá»¥ chu Ä‘Ã¡o láº¥y Ä‘á»“ dÃ¹ng há»™ luÃ´n cho khÃ¡ch Dá»‹ch vá»¥â€¦   ThÃªm",5 sao,má»™t nÄƒm trÆ°á»›c
"Combo 200k 200 CH gÃ¬ Ä‘Ã³ khÃ¡ há»i
Äá»“ Äƒn ngon, nhÃ¢n viÃªn nhiá»‡t tÃ¬nh
Tiá»‡m Ä‘Ã´ng nhÆ°ng k xÃ´ bá»“. Cáº§n gi lÃ  nhÃ¢n viÃªn tá»›i liá»n 10 Ä‘á»‰m â¤ï¸   ThÃªm",5 sao,7 thÃ¡ng trÆ°á»›c
"Hay ghÃ© Ä‘Ã¢y mua kem vÃ  gÃ  combo. GiÃ¡ á»•n. Kem ngon nháº¥t
Dáº¡o gáº§n Ä‘Ã¢y cÃ³ láº½ do Ä‘Ã´ng khÃ¡ch order Ä‘i vÃ  Ä‘Æ¡n online quÃ¡ nÃªn cá»­a hÃ ng táº¡o 1 booth riÃªng cho order. LÃ m.cháº­t cÃ¡i trá»‡t vÃ  lÃ m khÃ´ng khÃ­ khÃ¡ lá»™n xá»™n   ThÃªm",5 sao,má»™t nÄƒm trÆ°á»›c
"QuÃ¡ tá»‡, Ä‘á»• bá»ƒ háº¿t Ä‘á»“ Äƒn, khÃ´ng cÃ³ dá»¥ng cá»¥ Äƒn uá»‘ng, khÃ´ng á»‘ng hÃºt, khÃ´ng cÃ³ sá»‘t cháº¥m Dá»‹ch vá»¥â€¦   ThÃªm",1 sao,má»™t nÄƒm trÆ°á»›c
"LÃ¢u quÃ¡ khÃ´ng ghÃ©, váº«n Æ°ng nhÆ° ngÃ y nÃ o. ÄÃ´ng quÃ¡ nÃªn bÃ n gháº¿ hÆ¡i cháº­t. Äiá»ƒm 10 cho bá»™ Ä‘á»“ Äƒn báº±ng muá»—ng nÄ©a inox nha.   ThÃªm",5 sao,8 thÃ¡ng trÆ°á»›c
"NhÃ¢n viÃªn khÃ´ng biáº¿t cÃ³ Ä‘á»ƒ tÃ¢m vÃ o khi nghe khÃ¡ch gá»i mÃ³n khÃ´ng Ã½???? Biáº¿t lÃ  quÃ¡n rá»™ng vs Ä‘Ã´ng nÃªn phá»¥c vá»¥ khÃ´ng trÃ¡nh khá»i sai sÃ³t, láº§n Ä‘áº§u mk Äƒn thÃ¬ oder báº¥m nháº§m sá»‘ bÃ n, láº§n tiáº¿p theo thÃ¬ gá»i kem socola Ä‘em ra kem dÃ¢u... Ã lÃ  Äƒn bao â€¦   ThÃªm",1 sao,11 thÃ¡ng trÆ°á»›c
"NhÃ¢n viÃªn nhiá»‡t tÃ¬nh hÆ¡n thÃ¡ng trÆ°á»›c. Äa pgáº§n lÃ  sinh viÃªn nÃªn ráº¥t tráº» trung vÃ  nÄƒng Ä‘á»™ng. Ráº¥t thÃ­ch khÃ´ng khÃ­ lÃ m viá»‡c cá»§a cÃ¡c báº¡n, vá»«a Äƒn vá»«a nhÃ¬n Ä‘Ã£ máº¯t thÃªm Ä‘á»™ng lá»±c.   ThÃªm",4 sao,Thá»i gian chá»‰nh sá»­a: má»™t thÃ¡ng trÆ°á»›c
"Nhá»› Äƒn gÃ  cay , khoai tÃ¢y chiÃªn vá»‹ BBQ nha bÃ¢y Dá»‹ch vá»¥ Ä‚n táº¡i chá»—â€¦   ThÃªm",5 sao,má»™t nÄƒm trÆ°á»›c
"Nhanh, mÃ¬nh mua mang Ä‘i cÃ²n nÃ³ng há»•i tá»›i nhÃ  luÃ´n Dá»‹ch vá»¥ Giao táº­n nÆ¡iâ€¦   ThÃªm",5 sao,3 thÃ¡ng trÆ°á»›c
"Oder hÆ¡i lÃ¢u, cÃ³ ngÆ°á»i coi xe, khÃ´ng gian thoáº£i mÃ¡i
Baemin grapfood now goviet",4 sao,5 nÄƒm trÆ°á»›c
"QuÃ¡n lÃºc nÃ o cx Ä‘Ã´ng, trong tuáº§n hay cuá»‘i tuáº§n=)). Gá»i mÃ³n á»Ÿ quáº§y, lÃªn mÃ³n khÃ¡ nhanh, nhÆ°ng lÃªn láº§u lÃ  pháº£i tÃ¬m chá»— láº¹ náº¿u khÃ´ng sáº½ khÃ´ng cÃ³ chá»—. L3 hÃ´m nÃ o tá»• chá»©c tiá»‡c lÃ  ngháº¹t á»© lun.   ThÃªm",5 sao,má»™t nÄƒm trÆ°á»›c
"Cá»±c kÃ¬ ghÃ©t cháº¡y quáº£ng cÃ¡o á»Ÿ Ä‘Ã¢y. Báº£o 5/12 cÃ³ gáº¥u, 17h tá»›i thÃ¬ báº£o háº¿t Ä‘á»£i ngÃ y mai? Giá»›i háº¡n sá»‘ láº§n quÃ  trong ngÃ y háº£? ThÃ´i vá» Ä‘i mng Æ¡i, lÃªn cháº£ cÃ³ gáº¥u Ä‘Ã¢uâ˜ºï¸ Quáº£ng cÃ¡o nhÆ° lÃ² Ã­, thay vÃ¬ nÃ³i chá»‰ cÃ³ vÃ i chá»¥c slot quÃ  thÃ¬ nÃ³ nÃ³i Ã¡p dá»¥ng tá»› â€¦   ThÃªm",1 sao,8 thÃ¡ng trÆ°á»›c
"ThÃ¡i Ä‘á»™ tá»‡ hÆ¡n chá»¯ tá»‡
NhÃ¢n viÃªn ord sai cÃ²n cÃ£i khÃ¡ch :))))
KhÃ´ng quay láº¡i Dá»‹ch vá»¥â€¦   ThÃªm",1 sao,6 thÃ¡ng trÆ°á»›c
"Quy trÃ¬nh nhanh, nhÃ¢n viÃªn dá»… thÆ°Æ¡ng, giÃ¡ ráº». MÃ³n gÃ  vui váº» ngon bá»• ráº».",5 sao,6 nÄƒm trÆ°á»›c
"Äá»“ Äƒn cÅ©ng Ä‘Æ°á»£c, cÅ©ng ngon hÆ¡i Ä‘Ã´ng hÆ¡i á»“n Dá»‹ch vá»¥ Ä‚n táº¡i chá»—â€¦   ThÃªm",4 sao,3 thÃ¡ng trÆ°á»›c
"cÃ³ ai Äƒn xong vá» Ã³i nÃ´n má»¯a liÃªn tá»¥c nhÆ° trÃºng thá»±c nhÆ° ny mÃ¬nh ko áº¡ , chiá»u 12/12 mÃ¬nh dáº¯t ny mÃ¬nh ra Äƒn cÆ¡m gÃ  giÃ²n thÃ¬ vá» nhÃ  bá»‹ nhá»£n nÃ´n má»¯a ra háº¿t, cáº£ chiá»u tá»‘i ny mÃ¬nh chá»‰ Äƒn Ä‘Ãºng jollibee, Ä‘á»“ Äƒn quÃ¡n cÃ³ Ä‘áº£m báº£o vá»‡ sinh ko váº­y   ThÃªm",1 sao,7 thÃ¡ng trÆ°á»›c
"HÃ´m nay mÃ¬nh tá»›i lÃºc 20h40, quÃ¡n ráº¥t Ä‘Ã´ng háº¿t bÃ n nhÆ°ng nhÃ¢n viÃªn thá» Æ¡ khÃ´ng bÃ¡o lÃ  Ä‘Ã£ háº¿t bÃ n Ä‘á»ƒ mÃ¬nh Ä‘i chá»— khÃ¡c. MÃ¬nh cÃ³ báº£o mÃ¬nh Ä‘i 3 ng thÃ¬ cÃ²n bÃ n ko thÃ¬ nvien báº£o cÃ²n cÃ²n dá»­ng dÆ°ng vÃ£i lol :) KÃªu order Ä‘i, Ä‘áº¿n khi mÃ¬nh thanh toÃ¡n â€¦   ThÃªm",1 sao,má»™t nÄƒm trÆ°á»›c
"quÃ¡n á»“n khÃ´ng nghe nhÃ¢n viÃªn gá»i Ä‘Æ¡n, lÃºc sau mÃ¬nh láº¡i há»i xong quay ra chÆ°a Ä‘i ra Ä‘c tá»›i cá»­a nghe nhÃ¢n viÃªn nÃ³i vá»›i nhau kÃªu 2-3 láº§n khÃ´ng láº¡i, nhÃ¢n viÃªn kiá»ƒu nÃ y mÃ¬nh tá»›i 1 láº§n khÃ´ng cÃ³ láº§n 2   ThÃªm",1 sao,10 thÃ¡ng trÆ°á»›c
"Ngon, luÃ´n Ä‘Ã´ng khÃ¡ch.
KhÃ¡ch Äƒn xong ra dá»n ngay, Ä‘áº£m báº£o vá»‡ sinh vÃ  luÃ´n cÃ³ bÃ n trá»‘ng cho khÃ¡ch má»›i.
NhÃ¢n viÃªn chia ra take care khÃ¡ch bÃ i báº£n, báº£o vá»‡ thÃ¢n thiá»‡n vÃ  supportive.   ThÃªm",5 sao,má»™t nÄƒm trÆ°á»›c
Mua combo 2 ngÆ°á»i cho Ä‘Ãºng 2 bá»‹ch tÆ°Æ¡ng 1 tÆ°Æ¡ng cÃ  1 tÆ°Æ¡ng á»›t Äá»“ Äƒn:  1â€¦   ThÃªm,1 sao,3 thÃ¡ng trÆ°á»›c
"LÃ¢u lÃ¢u ghÃ© láº¡i, trá»i mÆ°a nhÆ°ng nhÃ¢n viÃªn khÃ´ng ngáº¡i che dÃ¹ cho khÃ¡ch hÃ ng ra vÃ o, má»i thá»© ok â˜˜ï¸ Dá»‹châ€¦   ThÃªm",5 sao,Thá»i gian chá»‰nh sá»­a: má»™t thÃ¡ng trÆ°á»›c
"Pháº§n Äƒn khÃ¡ nhiá»u. GÃ  má»ng nÆ°á»›c khÃ´ng bá»‹ khÃ´, da ga giÃ²n. NhÃ¢n viÃªn phá»¥c vá»¥ khÃ¡ cháº­m nhÆ°ng cÅ©ng thÃ´ng cáº£m bá»Ÿi vÃ¬ quÃ¡n khÃ¡ Ä‘Ã´ng. KhÃ´ng gian Äƒn rá»™ng rÃ£i thoáº£i mÃ¡i khÃ´ng bá»‹ ngá»£p   ThÃªm",4 sao,má»™t nÄƒm trÆ°á»›c
TrÆ°a 2/6 táº¥m 13h 2 vc mÃ¬nh cÃ³ dáº¯t bÃ© Ä‘áº¿n Äƒn set GÃ  gÃ¡n + mÃ¬ Ã½ (chá»‰ cÃ³ bÃ© sá»­ dá»¥ng). Khi vÃ o quÃ¡n thÃ¬ ruá»“i bay ráº¥t nhiá»u mÃ¬nh Ä‘Ã£ tháº¥y báº¥t an rá»“i bÃ© dÃ¹ng xong 18h tá»‘i lÃ  Ä‘au bá»¥ng Ä‘i ngoÃ i 20h nÃ´n háº¿t ra toÃ n Ä‘á»“ Äƒn lÃºc trÆ°a sá»­ dá»¥ng Ä‘áº¿n khuya lÃ  sá»‘t cao. ÄÃºng lÃ  ngÃ y quá»‘c táº¿ thiáº¿u nhi Ä‘Ã¡ng nhá»›.   ThÃªm,1 sao,má»™t nÄƒm trÆ°á»›c
"GÃ  rÃ¡n khÃ´ng má»¡ nhÆ° KFC nhÆ°ng hÆ¡i máº·n hÆ¡n chÃºt vÃ  khÃ´ng cÃ³ báº¯p cáº£i trá»™n Ä‘á»ƒ Äƒn kÃ¨m , thanh cÃ¡ Dá»‹ch vá»¥â€¦   ThÃªm",4 sao,8 thÃ¡ng trÆ°á»›c
"Äá»“ Äƒn á»Ÿ Ä‘Ã¢y ráº¥t ngon vÃ  giÃ¡ cáº£ há»£p lÃ½, nhÃ¢n viÃªn tháº­t sá»± ráº¥t thÃ¢n thiá»‡n vÃ  giá»‘ng nhÆ° Ä‘Æ°á»£c Ä‘Ã o táº¡o chuyÃªn nghiá»‡p, má»™t quÃ¡n Äƒn ráº¥t xuáº¥t xáº¯c tuy nhiÃªn khÃ´ng cÃ³ gÃ¬ Ä‘áº·c sáº¯c láº¯m.   ThÃªm",5 sao,má»™t nÄƒm trÆ°á»›c
"NhÃ¬n chung thÃ¬ nhÃ¢n viÃªn ok , nhÆ°ng mÃ  mÃ³n Äƒn khÃ´ng giá»‘ng áº£nh minh hoáº¡ . Äá»ƒ lÃ  cÃ¡nh gÃ  nhÆ°ng mang ra á»©c gÃ  , há»i thÃ¬ nv báº£o pháº£i dáº·n má»›i Ä‘Æ°á»£c , sau khi nhá» Ä‘á»•i thÃ¬ Ä‘c bÃ¡o lÃ  báº¿p háº¿t . Náº¿u háº¿t thÃ¬ nÃªn bÃ¡o trc sáº½ tháº¥y hoan há»· hÆ¡n áº¡ .   ThÃªm",4 sao,má»™t nÄƒm trÆ°á»›c
"hÃ´m nay thá»© 7 ngÃ y 2/11 mÃ¬nh cÃ³ ghÃ© Ä‘Ã¢y khoáº£ng 20h-21h, mÃ¬nh cháº¡y tá»›i vÃ  há»i chÃº báº£o vá»‡ giá»¯ xe Ä‘á»ƒ xe sÃ¡t lá» Ä‘Æ°á»ng Ä‘Æ°á»£c ko thÃ¬ thay vÃ¬ chÃº cÃ³ thá»ƒ nÃ³i vá»›i mÃ¬nh dá»… nghe hÆ¡n hay sao Ä‘áº¥y thÃ¬ chÃº láº¡i báº£o ""cÃ³ Ä‘uÃ´i khÃ´ng, tháº¥y xe ngÆ°á»i ta dáº¯t trÃªn â€¦   ThÃªm",1 sao,9 thÃ¡ng trÆ°á»›c
"NÃªn tráº£i nghiá»‡m gÃ  á»Ÿ Jolibee nha má»i ngÆ°á»i.
ThÃ­ch nháº¥t dá»‹ch vá»¥ tá»• chá»©c sn cho tráº» em á»Ÿ Ä‘Ã¢y. Cá»±c ká»³ chu Ä‘Ã¡o vÃ  nhÃ¢n viÃªn cÃ³ trÃ¡ch nhiá»‡m cao.
Bá»™ pháº­n HR Ä‘Ã o táº¡o khÃ¡ tá»‘t.   ThÃªm",5 sao,11 thÃ¡ng trÆ°á»›c
"Nay mÃ¬nh Ä‘i Äƒn lÃºc 12h07, mÃ¬nh Ä‘á»©ng order thÃ¬ tháº¥y cÃ³ báº¡n nhÃ¢n viÃªn chá»§ Ä‘á»™ng táº¯t quáº¡t Ä‘á»ƒ vÃ¡y mÃ¬nh khá»i tá»‘c, nhÃ¢n viÃªn tháº­t sá»± ráº¥t tinh táº¿. DÃ¹ chÆ°a tráº£i nghiá»‡m Ä‘á»“ Äƒn nhÆ°ng váº«n Ä‘Ã¡nh giÃ¡ 5 sao vÃ¬ sá»± tinh táº¿ vÃ  thÃ¢n thiá»‡n nÃ y   ThÃªm",5 sao,má»™t nÄƒm trÆ°á»›c
Äá»“ Äƒn ngon. nhÃ¢n viÃªn nhiá»‡t tÃ¬nh,5 sao,8 nÄƒm trÆ°á»›c
NhÃ¢n viÃªn tÃªn bÃ¬nh gá»i mÃ³n cho mÃ¬nh ráº¥t nhanh chÃ³ng vÃ  thÃ¢n thiá»‡n. Tá»•ng thá»ƒ quÃ¡n quÃ¡ Æ°ng bá»¥ng trong táº¥t cáº£ cÃ¡c chi nhÃ¡nh   ThÃªm,5 sao,má»™t nÄƒm trÆ°á»›c
"Nay mÃ¬nh Ä‘i nhÃ³m 6 ngÆ°á»i, quÃ¡n Ä‘Ã´ng. CÃ¡c báº¡n nhÃ¢n viÃªn há»— trá»£ lÃªn láº§u gá»i mÃ³n, mang muá»—ng nÄ©a cho mÃ¬nh luÃ´n. QuÃ¡ lÃ  oki so vá»›i mong Ä‘á»£i cá»§a mÃ¬nh   ThÃªm",5 sao,má»™t nÄƒm trÆ°á»›c
"Ä‘á»“ Äƒn ngon, sáº¡ch sáº½ Äá»“ Äƒn:  5 Dá»‹ch vá»¥: â€¦   ThÃªm",5 sao,4 tuáº§n trÆ°á»›c
"Mua combo cÃ³ cÃ¡nh gÃ  mÃ  NV mang lÃªn ko cÃ³ cÃ¡nh, ko bÃ¡o trc khÃ¡ch, lÃªn má»›i báº£o háº¿t cÃ¡nh gÃ  rá»“i
Äáº¿n 1 láº§n nÃ y thÃ´i   ThÃªm",1 sao,má»™t nÄƒm trÆ°á»›c
"ThÃ¡i Ä‘á»™ nhÃ¢n viÃªn phá»¥c vá»¥ ráº¥t tá»‡. NhÃ¢n viÃªn trong ca ráº¥t Ä‘Ã´ng. NhÆ°ng Ä‘á»©ng Ä‘Ã³ nhÃ¬n ko dá»n bÃ n cho KH, kÃªu thÃ¬ ngÃ¡o ngÆ¡ ko trl   ThÃªm",1 sao,má»™t nÄƒm trÆ°á»›c
"Jollibee nÃ y nhiá»u chá»— ngá»“i, hÆ¡i cháº­t tÃ­ nhÆ°ng khÃ¡ oke. Dá»‹ch vá»¥ Ä‚n táº¡i câ€¦   ThÃªm",5 sao,Thá»i gian chá»‰nh sá»­a: 2 thÃ¡ng trÆ°á»›c
Ngon bá»• ráº» Dá»‹ch vá»¥ Ä‚n táº¡i chá»—â€¦   ThÃªm,4 sao,má»™t nÄƒm trÆ°á»›c
Ä‘á»“ Äƒn ráº¥t ngon mh ráº¥t thÃ­ch Dá»‹ch vá»¥ Mua mang Ä‘iâ€¦   ThÃªm,5 sao,5 thÃ¡ng trÆ°á»›c
"DÃ¹ Ä‘Ã´ng, nhÆ°ng váº­n hÃ nh ráº¥t nhanh.
CÃ¡c báº¡n nhÃ¢n viÃªn nhiá»‡t tÃ¬nh vÃ  ráº¥t tÃ´n trá»ng khÃ¡ch hÃ ng.
Cháº¯c cháº¯n sáº½ quay láº¡i.",5 sao,3 nÄƒm trÆ°á»›c
"TrÆ°a nÃ y mÃ¬nh ghÃ© quÃ¡n ráº¥t Ä‘Ã´ng. Tuy nhiÃªn chÆ°a bao giá» mÃ¬nh Ä‘i chi nhÃ¡nh nÃ o mÃ  cáº£ cáº£m tháº¥y nhÃ¢n viÃªn Ä‘áº¿n quáº£n lÃ­, má»i thá»© Ä‘á»u xuáº¥t sáº¯c nhÆ° váº­y. 10 Ä‘iá»ƒm cho dá»‹ch vá»¥   ThÃªm",5 sao,má»™t nÄƒm trÆ°á»›c
"QuÃ¡n mÃ¡t máº», nhÃ¢n viÃªn thÃ¢n thiá»‡n, Ä‘á»“ Äƒn lÃªn nhanh nha, ráº¥t ngon ná»¯a thÃ­ch nháº¥t lÃ  mÃ³n mÃ¬ Ã½ ğŸ˜‹ â€¦ Dá»‹ch vâ€¦   ThÃªm",5 sao,11 thÃ¡ng trÆ°á»›c
"NhÃ¢n viÃªn tá»‡, thÃ¡i Ä‘á»™ vá»›i khÃ¡ch hÃ ng",1 sao,4 thÃ¡ng trÆ°á»›c
"dáº¡ quÃ¡n cáº§n xem láº¡i báº£o vá»‡ xe áº¡, nay mÃ¬nh vÃ o quÃ¡n vÃ  chÃº khÃ´ng Ä‘Æ°a tháº» xe vÃ  lÃ¡t mÃ¬nh ra tháº¥y chÃº dáº¯t xe mÃ¬nh ra gáº§n lá» thÃ¬ mÃ¬nh cÃ³ há»i táº¡i saoo vÃ  chÃº tráº£ lá»i ráº¥t gáº¯t gá»ng vÃ  báº£o mÃ¬nh táº¡i sao khÃ´ng láº¡i chá»— chÃº láº¥y tháº» xeğŸ¥²ğŸ¥²ğŸ¥² â€¦   ThÃªm",1 sao,má»™t nÄƒm trÆ°á»›c
Combo79 k mua 2 pháº§n mÃ  nhÃ¢n viÃªn tá»± Ä‘á»™ng thu 160k . Sá»‘ láº» Ä‘Ã³ ko Ä‘Ã¡ng nhÆ°ng Ä‘á»ƒ giÃ¡ sao thÃ¬ pháº£i thu váº­y   ThÃªm,5 sao,10 thÃ¡ng trÆ°á»›c
"NgÃ y 13/5/24 NhÃ¢n viÃªn Kháº£ HÃ¢n ord k Ä‘Ãºng yÃªu cáº§u cá»§a khÃ¡ch, ord xong k Ä‘Æ°a bill Ä‘á»ƒ check nÃªn bá»‹ sai, Ä‘á»“ Äƒn nguá»™i, khoai nguá»™i, gÃ  khÃ´ k nuá»‘t ná»—i. NÃ³i chung lÃ  tá»‡   ThÃªm",2 sao,má»™t nÄƒm trÆ°á»›c
"gÃ  vá»›i mÃ¬ Ã½ á»Ÿ jollibee vÃ´ cÃ¹ng ngon lun há»£p kháº©u vá»‹ Äƒn 2 nÄƒm r váº«n thÃ­ch
vá»›i chÃº báº£o vá»‡ lun dáº¯t xe ra cho khÃ¡ch dth láº¯m   ThÃªm",5 sao,9 thÃ¡ng trÆ°á»›c
"NhÃ¢n viÃªn báº£o vá»‡ khÃ´ng hÆ°á»›ng dáº«n chá»— Ä‘á»ƒ xe cho khÃ¡ch, Ä‘Æ°á»ng thÃ¬ Ä‘Ã´ng mÃ  Ä‘á»©ng dÆ°á»›i Ä‘Æ°á»ng khÃ´ng biáº¿t dáº¯t xe á»Ÿ Ä‘Ã¢u",1 sao,9 thÃ¡ng trÆ°á»›c
"Äá»“ Äƒn thÃ¬ ngon mÃ  khi mua Ä‘Ã£ dáº·n lÃ  cho thÃªm sá»‘t táº¡i Ã­t nv kÃªu ok mÃ  Ä‘áº¿n khi vá» nhÃ  thÃ¬ láº¡i k cÃ³ thÃªm bá»‹ch nÃ o, tiáº¿c j máº¥y bá»‹ch sá»‘t v áº¡ trong khi lÃºc Ä‘áº§u mÃ¬nh cÅ©ng nÃ³i lÃ  mua thÃªm sá»‘t Ä‘Æ°á»£c k thÃ¬ nv báº£o Ä‘á»ƒ cho thÃªm vá» cháº£ tháº¥y Ä‘Ã¢u?   ThÃªm",3 sao,má»™t nÄƒm trÆ°á»›c
"QuÃ¡n má»›i khai trÆ°Æ¡ng gáº§n Ä‘Ã¢y, gÃ  theo Ä‘Ã¡nh giÃ¡ cÃ¡ nhÃ¢n cá»§a mÃ¬nh thÃ¬ khÃ´ng Ä‘Æ°á»£c tÆ°Æ¡i vÃ  ngon láº¯m, cho do bá»¯a Ä‘Ã³ gÃ  buá»“n. GiÃ¡ cÅ©ng há»£p lÃ½, cÃ³ chá»— gá»Ÿi xe 2 bÃ¡nh cÃ²n 4 bÃ¡nh thÃ¬ cÃ³ thá»ƒ dá»«ng mua vÃ¬ khÃ´ng cÃ³ biá»ƒn cáº¥m dá»«ng. CÃ³ chá»— ngá»“i Ä‘á»ƒ tá»• chá»©c tiá»‡c sinh nháº­t cho cÃ¡c con.   ThÃªm",4 sao,má»™t nÄƒm trÆ°á»›c
"NhÃ¢n viÃªn ráº¥t nhiá»‡t tÃ¬nh, há»— trá»£ láº¥y tÆ°Æ¡ng muá»—ng nÄ©a cho khÃ¡ch. KhÃ´ng gian sáº¡ch sáº½. GÃ  ngon khÃ´ng bá»‹ nguá»™i, mÃª nháº¥t mÃ³n mÃ¬ Ã½ Jolly siÃªu ngon. NÆ°á»›c cÃ²n Ä‘Æ°á»£c Ä‘á»•i qua pepsi khÃ´ng calo ná»¯a.
10 Ä‘iá»ƒm ğŸ«¶ğŸ» â€¦   ThÃªm",5 sao,má»™t nÄƒm trÆ°á»›c
"NÆ¡i vui chÆ¡i, giáº£i trÃ­ tuyÃªt vá»i cho cÃ¡c bÃ©",5 sao,Thá»i gian chá»‰nh sá»­a: 7 nÄƒm trÆ°á»›c
"Báº¥m bill sá»‘ bÃ n sai, nhÃ¢n viÃªn Ä‘i tÃ¬m ko ra sá»‘ bÃ n, Ä‘á»£i tá»›i khi mÃ¬nh há»i thÃ¬ má»›i xem láº¡i Ä‘Æ°a Ä‘á»“ Äƒn. Äá»“ Äƒn mang ra nguá»™i ngáº¯t, ko bao giá» quay láº¡i chi nhÃ¡nh nÃ y   ThÃªm",2 sao,má»™t nÄƒm trÆ°á»›c
Äá»“ Äƒn ngon ráº» cÃ¡ch phá»¥c vá»¥ tá»‘t nhÆ°ng khÃ´ng gian hÆ¡i háº¹p Dá»‹ch vá»¥ Ä‚n táº¡i câ€¦   ThÃªm,5 sao,má»™t nÄƒm trÆ°á»›c
"Mua mÃ¬ Ã½ vá»›i cá»¥c gÃ  thÃ´i mÃ  pháº£i chá» táº­n ná»­a tiáº¿ng, nhÃ¢n viÃªn cáº£ tÃ¡ 10 máº¥y ngÆ°á»i mÃ  lÃ m khÃ´ng xong. shipper vÃ o sau thÃ¬ toÃ n phá»¥c vá»¥ shipper trÆ°á»›c, khÃ¡ch tá»›i trÆ°á»›c thÃ¬ Ä‘á»ƒ chá» sau náº¯ng nÃ³ng máº¯c má»‡t.   ThÃªm",1 sao,má»™t nÄƒm trÆ°á»›c
KhÃ´ng mua combo. Dáº·n láº¥y Ä‘Ã¹i...máº¥y láº§n rá»“i qua láº§n nÃ o cÅ©ng dáº·n. Vá» má»Ÿ tÃºi ra toÃ n á»©c. Máº¥y láº§n rá»“i Ä‘á»u bá» qua. Láº§n nÃ y lÃªn Ä‘Ã¡nh giÃ¡ 1*,1 sao,má»™t nÄƒm trÆ°á»›c
"NÃ³i thiá»‡t lÃ  Ä‘Ã´ng Ä‘iÃªn lun, ngá»“i láº¡i cháº­t quÃ¡ trr, mÃ  Äƒn cÃ²n bá»‹ Ä‘uá»•i láº¹ hÆ¡n Äƒn dokki ná»¯a Dá»‹ch vá»¥â€¦   ThÃªm",2 sao,9 thÃ¡ng trÆ°á»›c
GÃ  cay á»Ÿ Ä‘Ã¢y Ä‘á»‰nh láº¯m nho ğŸ˜ â€¦ Dá»‹ch vá»¥ Mua mang Ä‘iâ€¦   ThÃªm,5 sao,2 thÃ¡ng trÆ°á»›c
"Trá»i áº¡!!!Äáº·t Ä‘á»“ chi nhÃ¡nh nÃ y 2 mÃ¬ Ã½,2 gÃ  mÃ  chá»‰ cho 1 gÃ³i tÆ°Æ¡ng DUY NHáº¤T.QuÃ¡ chÃ¡n",2 sao,10 thÃ¡ng trÆ°á»›c
LÃ¢u lÃ¢u quay láº¡i tháº¥y váº«n hÆ°Æ¡ng vá»‹ cÅ© Dá»‹ch vá»¥ Ä‚n táº¡i chá»—â€¦   ThÃªm,5 sao,má»™t nÄƒm trÆ°á»›c
"kÃªu 145 mÃ  ra lÃ  185 mÃ  185 sáº½ cÃ³ 2 mÃ¬ Ã½ 1 á»©c gÃ  1 Ä‘Ã¹i 1á»©c 3 ly nÆ°á»›c khi nháº­n Ä‘Æ°á»£c thÃ¬ 2 ly nÆ°á»›c 2 má»³ Ã½ 1 cÃ¡nh 1 á»©c ,rá»“i 1 Ä‘Ã¹i vá»›i 1 ly nÆ°á»›c cá»§a t Ä‘Ã¢u :))   ThÃªm",1 sao,má»™t nÄƒm trÆ°á»›c
mua combo 2 ng cho cÃ³ 2 bá»‹ch tÆ°Æ¡ng Äá»“ Äƒn:  1â€¦   ThÃªm,1 sao,3 thÃ¡ng trÆ°á»›c
"MÃ¬nh lÃ  con gÃ¡i, Ä‘i Äƒn vá»›i báº¡n ná»¯ khÃ¡c vÃ o lÃºc 24/11/2023 15:00, lÃºc ra tá»›i bÃ£i giá»¯ xe thÃ¬ xe bá»‹ Ä‘á»ƒ phÃ­a trong hÆ¡i cháº­t, sá»©c con gÃ¡i yáº¿u nÃªn cÅ©ng khÃ³ láº¥y xe ra, nÃªn má»›i nhá» báº¡n báº£o vá»‡ láº¥y ra dÃ¹m (xin phÃ©p gá»i báº¡n vÃ¬ trÃ´ng báº¡n cÃ³ váº» cÃ²n khÃ¡ â€¦   ThÃªm",1 sao,má»™t nÄƒm trÆ°á»›c
nhÃ¢n viÃªn cáº£ há»‡ thá»‘ng Ä‘á»u Ä‘á»‰nk vÃ  ráº¥t táº­n tÃ¢m vá»›i khÃ¡ch Äá»“ Äƒn:  5â€¦   ThÃªm,5 sao,7 thÃ¡ng trÆ°á»›c
"NhÃ¢n viÃªn order táº§m 10h30 ngÃ y 21/11 thÃ¡i Ä‘á»™ cá»±c kÃ¬ tá»‡, 1 chuá»—i lá»›n nhÆ° Jolibee nÃªn training láº¡i thÃ¡i Ä‘á»™ phá»¥c vá»¥ cá»§a nhÃ¢n viÃªn, ghÃ© ráº¥t nhiá»u láº§n, láº§n nÃ o cÅ©ng mang bá»±c dá»c vá», cáº¡ch luÃ´n jolibee   ThÃªm",1 sao,má»™t nÄƒm trÆ°á»›c
"ÄÃ£ kÃªu riÃªng 1 mÃ¬ Ã½ lá»›n, 1 gÃ  cay rá»“i, khá»‘ng muá»‘n uá»‘ng nc nÃªn ko gá»i. Nháº­n viÃªn nháº¯c láº¡i bill cÅ©ng khÃ´ng nháº¯c lÃ  cÃ³ nÆ°á»›c tháº¥y váº­y cÅ©ng tin tÆ°á»Ÿng ko há»i láº¡i. Cuá»‘i cÃ¹ng cÅ©ng láº¡i báº¥m compo mÃ¬ nÆ°á»›c rá»“i tÃ­nh thÃªm tiá»n khÃ¡ch. Qua máº·t khÃ¡ch hÃ ng váº­y ??? Tháº¥t vá»ng !   ThÃªm",2 sao,má»™t nÄƒm trÆ°á»›c
"Cháº¥t lÆ°á»£ng mÃ³n Äƒn: tá»‘t, khÃ´ng quÃ¡ máº·n nhÆ° 1 sá»‘ chi nhÃ¡nh vÃ  thÆ°Æ¡ng hiá»‡u khÃ¡c, vá»«a pháº£i. MÃ³n Äƒn Ä‘Æ°á»£c phá»¥c vá»¥ khi cÃ²n nÃ³ng. â€¦   ThÃªm",4 sao,2 nÄƒm trÆ°á»›c
HÃ´m nay mÃ¬nh cÃ³ 1 tráº£i nghiá»‡m khÃ¡ tá»‡ táº¡i quÃ¡n khi cÃ³ 1 con gÃ¬ Ä‘Ã³ nhÃ¬n giá»‘ng con ruá»“i trong á»‘ng hÃºt cá»§a báº¡n mÃ¬nh   ThÃªm,1 sao,má»™t nÄƒm trÆ°á»›c
"gÃ  ngon, giÃ²n, thá»‹t kh bá»‹ khÃ´, nhÃ¢n viÃªn lá»‹ch sá»± vÃ  táº¥t báº­t, khÃ´ng gian cÅ©ng táº¡m, mÃ  mÃ¬nh ngá»“i gháº¿ dÃ i dáº¡ng sofa, cÃ¡c bÃ n tá»›i trÆ°á»›c Ä‘áº©y gháº¿ ra cho chá»— há» rá»™ng, thÃ nh ra chá»— mÃ¬nh cháº­t, mÃ¬nh kh trÃ¡ch nhÃ¢n viÃªn nhÆ°ng mong anh chá»‹ Ä‘á»ƒ Ã½ nhá»¯ng chuyá»‡n nÃ y Ä‘á»ƒ nhá»¯ng khÃ¡ch hÃ ng ngáº¡i Ã½ kiáº¿n nhÆ° mÃ¬nh cÃ³ tráº£i nghiá»‡m tuyá»‡t vá»i hÆ¡n áº¡   ThÃªm",5 sao,má»™t nÄƒm trÆ°á»›c
"HÃ´m qua mÃ¬nh cÃ¹ng 3 ngÆ°á»i báº¡n Ä‘áº¿n Jolibee Tráº§n HÆ°ng Äáº¡o Äƒn trÆ°a, tá»•ng cá»™ng 4 ngÆ°á»i. Bá»¯a giá» mÃ¬nh PR quáº£ng bÃ¡ Jolibee rá»§ má»i ngÆ°á»i Ä‘i Äƒn, cÅ©ng ghÃ© Ä‘Ã¢y Äƒn bá»¯a h, cÅ©ng order grab liÃªn tá»¥c vÃ¬ mÃ³n gÃ  cay vÃ  mÃ¬ Ã½ siÃªu ngon. â€¦   ThÃªm",1 sao,2 nÄƒm trÆ°á»›c
"HÃ´m nay mÃ¬nh Äƒn quÃ¡n ráº¥t Ä‘Ã´ng nhÆ°ng anh chá»‹ nhÃ¢n viÃªn bÃ¬nh tÄ©nh, nhiá»‡t tÃ¬nh, khÃ´ng cÃ¡u gáº¯t, Ä‘á»“ Äƒn lÃªn cÅ©ng khÃ¡ nhanh. BÃ¡c báº£o vá»‡ lá»›n tuá»•i dá»… thÆ°Æ¡ng. Cháº¯c cháº¯n sáº½ quay láº¡i trong tÆ°Æ¡ng lai.   ThÃªm",5 sao,má»™t nÄƒm trÆ°á»›c
"NhÃ¢n viÃªn quÃ¡ nhiá»‡t tÃ¬nh, thÃ¢n thiá»‡n so vá»›i tráº£i nghiá»‡m cá»§a cÃ¡c thÆ°Æ¡ng hiá»‡u khÃ¡c mÃ¬nh tá»«ng Ä‘i ğŸ‘ğŸ‘ğŸ‘ â€¦   ThÃªm",5 sao,má»™t nÄƒm trÆ°á»›c
Ä‘á»“ Äƒn vÃ  nhÃ¢n viÃªn phá»¥c vá»¥ ráº¥t tá»‘t nhÆ°ng thÃ¡i Ä‘á»™ báº£o vá»‡ ráº¥t máº¥t lá»‹ch sá»± cáº§n xem láº¡i Äá»“ Äƒn:  5â€¦   ThÃªm,1 sao,má»™t nÄƒm trÆ°á»›c
"chÃº báº£o vá»‡ á»Ÿ Ä‘Ã¢y dth láº¯m áº¡, gÃ  oke Äá»“ Äƒn:  4â€¦   ThÃªm",5 sao,6 thÃ¡ng trÆ°á»›c
"ÄÃ£ Äƒn nhiá»u cÆ¡ sá»Ÿ, riÃªng cÆ¡ sá»Ÿ nÃ y cÃ³ vá»‹ trÃ­ Ä‘áº¹p vÃ  sáº¡ch sáº½ nháº¥t, nhÃ¢n viÃªn cÅ©ng nhiá»‡t tÃ¬nhâ€¦10 Ä‘iá»ƒm Dâ€¦   ThÃªm",5 sao,má»™t nÄƒm trÆ°á»›c
"Ä‘á»“ Äƒn ngon, nhÃ¢n viÃªn báº£o vá»‡ thÃ¢n thiá»‡n Äá»“ Äƒn:  5â€¦   ThÃªm",5 sao,9 thÃ¡ng trÆ°á»›c
"NhÃ¢n viÃªn khÃ¡ kÃ¬ cá»¥c, Ä‘i Äƒn sinh nháº­t mÃ  cháº³ng chÆ¡i gÃ¬ háº¿t, Äƒn xong rá»“i má»Ÿ nháº¡c lÃ  xong cháº³ng lÃ m gÃ¬ ná»¯a. GÃ  chiÃªn bá»‹ khÃ©t . PhÃ²ng cháº­t háº¹p, dÆ¡ báº©n.   ThÃªm",1 sao,2 nÄƒm trÆ°á»›c
"Äá»“ Äƒn quÃ¡n ok, quÃ¡n khÃ¡ Ä‘Ã´ng nháº¥t lÃ  Ä‘áº·t mua mang vá» nÃªn náº¿u mua mang vá» thÃ¬ sáº½ pháº£i Ä‘á»£i hÆ¡i lÃ¢u, thÆ°á»ng ngÃ y thÃ¬ sáº½ Ä‘Ã´ng vÃ o buá»•i tá»‘i cÃ²n ngÃ y lá»… thÃ¬ khÃ´ng cÃ³ chá»— ngá»“i luÃ´n, Ä‘Æ°á»£c cÃ¡i Ä‘á»“ Äƒn ok cÃ¡c báº¡n phá»¥c vá»¥ dá»… chá»‹u, náº¿u cÃ³ gÃ¬ cÅ©ng nÃªn thÃ´ng cáº£m nhiá»u Ä‘Æ¡n vá»›i khÃ¡ch quÃ¡ sáº½ ghÃ© quÃ¡n láº¡i :D   ThÃªm",4 sao,2 nÄƒm trÆ°á»›c
NhÃ¢n viÃªn thÃ¡i Ä‘á»™ coi thÆ°á»ng khÃ¡ch hÃ ng. Muá»‘n Ä‘uá»•i khÃ¡ch. ÄÃ£ gá»­i pháº£n áº£nh nhÆ°ng khÃ´ng Ä‘Æ°á»£c pháº£n há»“i.   ThÃªm,1 sao,má»™t nÄƒm trÆ°á»›c
"QuÃ¡n ngÃ y mÃ¬nh Ä‘i khÃ¡ Ä‘Ã´ng khÃ¡ch chÆ°a ká»ƒ shipper mua vá» nhÆ°ng lÃªn Ä‘á»“ Äƒn khÃ¡ nhanh, cÃ¡c báº¡n nhÃ¢n viÃªn ráº¥t thÃ¢n thiá»‡n   ThÃªm",5 sao,má»™t nÄƒm trÆ°á»›c
"Äang cháº¡y chÆ°Æ¡ng trÃ¬nh khuyáº¿n mÃ£i nÃªn Ä‘Ã´ng quÃ¡ xÃ¡ Ä‘Ã´ng, nhÃ¢n viÃªn nhiá»‡t tÃ¬nh, thÃ¢n thiá»‡n, chuyÃªn nghiá»‡p   ThÃªm",5 sao,10 thÃ¡ng trÆ°á»›c
"Äá»“ Äƒn ngon, nhÃ¢n viÃªn thÃ¢n thiá»‡n
RiÃªng thÃ¡i Ä‘á»™ cá»§a ""nhÃ¢n viÃªn trÃ´ng xe"" hÃ¡ch dá»‹ch vá»›i khÃ¡ch. Khi Ä‘á»— xe ""khÃ´ng Ä‘Æ°á»£c hÆ°á»›ng dáº«n"" mÃ  cÃ²n nháº­n Ä‘Æ°á»£c thÃ¡i Ä‘á»™ ""khÃ´ng phÃ¹ há»£p chuáº©n má»±c cá»§a ngÃ nh dá»‹ch â€¦   ThÃªm",3 sao,2 nÄƒm trÆ°á»›c
"Tiá»‡m khÃ¡ lÃ  Ä‘Ã´ng,Ä‘á»“ Äƒn cÅ©ng khÃ¡ ngon,lÃªn táº§ng 2 thÃ¬ view khÃ¡ lÃ  chill Dá»‹ch vá»¥â€¦   ThÃªm",5 sao,9 thÃ¡ng trÆ°á»›c
nhÃ¢n viÃªn ráº¥t nhiá»‡t tÃ¬nh Äá»“ Äƒn:  5 Dá»‹ch vá»¥: â€¦   ThÃªm,5 sao,2 thÃ¡ng trÆ°á»›c
"Kem 5k ngon.
QuÃ¡n Ä‘Ã´ng quÃ¡, chá»— ngá»“i vá»‡ sinh chÆ°a Ä‘c sáº¡ch
NhÃ  vá»‡ sinh thÃºi nhá»©c nÃ¡ch luÃ´n â€¦   ThÃªm",5 sao,2 nÄƒm trÆ°á»›c
khong gian du sang GiÃ¡ má»—i ngÆ°á»i 1-100.000Â â‚«â€¦   ThÃªm,3 sao,3 tuáº§n trÆ°á»›c
Mua 2 á»©c 1 Ä‘Ã¹i mÃ  Ä‘Æ°a 2 Ä‘Ã¹i 1á»©c vÃ  láº§n nÃ o mua cÅ©ng dáº·n láº¥y toÃ n bá»™ tÆ°Æ¡ng cÃ  nhÆ°ng vá» nhÃ  chá»‰ cÃ³ Ä‘Ãºng 1bich cÃ²n láº¡i lÃ  nhá»¯ng loai sá»‘t chÆ°a ngá»t vÃ  tÆ°Æ¡ng á»›t   ThÃªm,1 sao,má»™t nÄƒm trÆ°á»›c
"NhÃ¢n viÃªn phá»¥c vá»¥ vui váº» niá»m ná»¡,tay chÃ¢n nhanh nháº¹n k.cÃ³.cÃ¡i j pháº£i bÃ n vá» Ä‘iá»u Ä‘Ã³ nhÆ°ng chá»‰ cÃ³ 1 cÃ¡i k á»•n.láº¯m. táº§m 11h30,26.08.2023 e cÃ³ nháº­n Ä‘Æ¡n nhÆ°ng do e báº¥t cáº©n k cáº§m hoÃ¡ Ä‘Æ¡n cÅ©ng k kiá»ƒm tra Ä‘Æ¡n hÆ¡n lá»—i nÃ y lÃ  cá»§a em k trÃ¡ch ai, khi e â€¦   ThÃªm",1 sao,má»™t nÄƒm trÆ°á»›c
"T7 13/11/2022 MÃ¬nh Ä‘Æ°a vá»£ báº§u Ä‘i Äƒn combo 149k + 2 kem + bÃ¡nh mango 2 mÃ¬ Ã½, 1 gÃ  rÃ¡n sá»‘t cay. Ä‚n xong vá» bá»‹ Ä‘au bá»¥ng tiÃªu cháº£y cáº£ Ä‘Ãªm, nÃ´n thÃ¡o, suÃ½t pháº£i Ä‘i bá»‡nh viá»‡n, vá»£ mÃ¬nh cÅ©ng bá»‹. CÃ³ láº½ lÃºc Ä‘Ã³ quÃ¡n quÃ¡ Ä‘Ã´ng vÃ  Ä‘á»“ Äƒn cá»§a mÃ¬nh Ä‘Æ°á»£c cháº¿ biáº¿n quÃ¡ vá»™i, cho mÃ¬nh cáº£m giÃ¡c láº§n nÃ y vá» Jollibee quÃ¡ tá»‡   ThÃªm",1 sao,2 nÄƒm trÆ°á»›c
NÃªn coi láº¡i nv vá» thÃ¡i Ä‘á»™ phá»¥c vá»¥ vá»›i khÃ¡c . ÄÃ£ lÃ m thiáº¿u mÃ³n cho khÃ¡ch mÃ  nch ráº¥t kÃ¬ Äá»“ Äƒn:  3â€¦   ThÃªm,1 sao,má»™t nÄƒm trÆ°á»›c
"MÃ³n gÃ  pháº§n mÃ¡ Ä‘Ã¹i quÃ¡ máº·n, nhÃ¢n viÃªn 10 Ä‘iá»ƒm, nÆ°á»›c 6 Ä‘iá»ƒm Dá»‹ch vá»¥ Ä‚n táº¡â€¦   ThÃªm",1 sao,9 thÃ¡ng trÆ°á»›c
"HÃ´m nay mÃ¬nh Ä‘i Äƒn á»Ÿ Ä‘Ã¢y, vÃ´ gá»i mÃ³n Äƒn táº¡i quÃ¡n nhÆ°ng nhÃ¢n viÃªn khÃ´ng nÃ³i lÃ  háº¿t bÃ n. MÃ¬nh lÃªn láº§u thÃ¬ háº¿t bÃ n xuá»‘ng láº¡i cÅ©ng háº¿t. Há»i nhÃ¢n viÃªn thÃ¬ bá»‹ lÆ¡ :)) há»i 2 3 láº§n luÃ´n nha.",1 sao,2 nÄƒm trÆ°á»›c
"Giao hÃ ng Ä‘Ãºng giá»,nhÃ¢n viÃªn nhiá»‡t tÃ¬nhâ€¦Good!",5 sao,3 nÄƒm trÆ°á»›c
"GÃ³c Ä‘Æ°á»ng, tá»• chÃºc cho tráº» em sinh nháº­t, táº¥t niÃªn lÃ  tuyá»‡t",4 sao,5 nÄƒm trÆ°á»›c
Báº£o vá»‡ kÃ©o xe khÃ¡ch nhÆ° giáº·t,1 sao,4 thÃ¡ng trÆ°á»›c
"Anh chá»‹ nhÃ¢n viÃªn á»Ÿ Ä‘Ã¢y siÃªu dá»… thÆ°Æ¡ng , mÃ¬ thÃ¬ cho sá»‘t siÃªu nhiá»u Äƒn ngon láº¯m luÃ´n . KhÃ´ng gian thÃ¬ nhiá»u táº§ng khÃ¡ thoÃ¡ng   ThÃªm",5 sao,má»™t nÄƒm trÆ°á»›c
Vá»‹ trÃ­ ráº¥t tiá»‡n tiáº¿p cáº­n.,5 sao,2 nÄƒm trÆ°á»›c
BÃ£i Ä‘á»— xe báº£o vá»‡ ghi pháº¥n lÃªn xe lÃ m xÆ°á»›c xe Dá»‹ch vá»¥ Ä‚n táº¡i chá»—â€¦   ThÃªm,1 sao,6 thÃ¡ng trÆ°á»›c
"Thá»©c Äƒn há»£p kháº©u vá»‹ cho cÃ¡c bÃ© vÃ  cáº£ ngÆ°á»i lá»›n
NhÃ¢n viÃªn á»Ÿ Ä‘Ã¢y tuyá»‡t vá»i , nhiá»‡t tÃ¬nh vui váº»
KhÃ´ng gian sáº¡ch sáº» áº¥m cÃºng, cÃ¡c phÃ²ng tá»• chá»©c tiá»‡c há»£p máº·t hoáº·c sinh nháº­t ráº¥t ok.   ThÃªm",5 sao,má»™t nÄƒm trÆ°á»›c
Order Ä‘Ã£ há»i trÆ°á»›c cÃ³ Ä‘Ã¹i ko thu ngÃ¢n báº£o cÃ³ má»›i order 2 Ä‘Ã¹i nhÆ°ng nháº­n láº¡i cÃ¡nh vÃ  mÃ¡ Ä‘Ã¹i. Ä‚n ngÃ¡n cá»±c !   ThÃªm,3 sao,má»™t nÄƒm trÆ°á»›c
"Äá»“ Äƒn ngon, cháº¥t lÆ°á»£ng dá»‹ch vá»¥ tá»‘t, nhÃ¢n viÃªn siÃªu siÃªu Ä‘Ã¡ng yÃªu, tá»« giá» sáº½ trá»Ÿ thÃ nh fan trung thÃ nh cá»§a Jollibee <3   ThÃªm",5 sao,má»™t nÄƒm trÆ°á»›c
"MÃ³n gÃ  vÃ  cÆ¡m gÃ  Ä‘á»u ngon. CÃ¡c mÃ³n Äƒn váº·t Ä‘á»u há»£p kháº©u vá»‹. NhÃ¢n viÃªn thÃ¢n thiá»‡n, lá»‹ch sá»±. PhÃ²ng tá»• chá»©c sinh nháº­t cho bÃ© thÃ¬ Ä‘áº¹p, dá»… thÆ°Æ¡ng.",4 sao,4 nÄƒm trÆ°á»›c
"Váº«n nhÆ° nhá»¯ng chi nhÃ¡nh khÃ¡c cá»§a jolli, nhÃ¢n viÃªn nhiá»‡t tÃ¬nh, khÃ´ng gian thÃ¬ cÅ©ng rá»™ng nhÆ°ng lÃºc nÃ o cÅ©ng full khÃ¢ch nÃªn hÆ¡i ngá»£p, mÃ¡y láº¡nh siÃªu láº¡nh   ThÃªm",5 sao,má»™t nÄƒm trÆ°á»›c
"QuÃ¡n ngay gÃ³c ngÃ£ 4-5, rá»™ng thoÃ¡ng ngáº¯m Ä‘c toÃ n cáº£nh Dá»‹ch vá»¥ Ä‚n táº¡i chá»—â€¦   ThÃªm",5 sao,8 thÃ¡ng trÆ°á»›c
"Báº¡n Huy Quáº£n LÃ½ Team dá»… thÆ°Æ¡ng, nhiá»‡t mÃ¬nh gá»i mÃ³n, Ä‘á»“ Äƒn ngon, nhÃ¢n viÃªn phá»¥c vá»¥ 10Ä‘ Dá»‹ch vá»¥â€¦   ThÃªm",5 sao,má»™t nÄƒm trÆ°á»›c
khong gian hop ly Dá»‹ch vá»¥ Ä‚n táº¡i chá»—â€¦   ThÃªm,3 sao,2 tuáº§n trÆ°á»›c
"Äá»™i ngÅ© nhÃ¢n viÃªn khÃ¡ nhiá»‡t tÃ¬nh phá»¥c vá»¥ cho má»™t lÆ°á»£ng khÃ¡ch hÃ ng Ä‘Ã´ng Ä‘áº£o, mÃ³n Äƒn á»Ÿ Ä‘Ã¢y cÃ¡ nhÃ¢n mÃ¬nh Ä‘Ã¡nh giÃ¡ lÃ  ngon so vá»›i cÃ¡c hÃ ng gÃ  rÃ¡n khÃ¡c do gÃ  tÆ°Æ¡i hÆ¡n, cÃ³ thÃªm mÃ³n mÃ¬ Ã½ cÅ©ng khÃ¡ ngon. NÃ³i chung lÃ  á»•n so vá»›i má»©c giÃ¡. KhÃ¡ch hÃ ng â€¦   ThÃªm",4 sao,4 nÄƒm trÆ°á»›c
HÆ¡i bá»©c xÃºc vÃ¬ mÃ¬nh Äƒn xong thÃ¬ bá»‹ dáº¹p dÄ©a Ä‘á»“ Äƒn vÃ  Ä‘Ã²i nhÆ°á»ng bÃ n cho ngÆ°á»i khÃ¡c. Trong khi nhÃ³m ngÆ°á»i Ä‘Ã³ khÃ´ng tá»›i bÃ n mÃ¬nh ngá»“i. MÃ¬nh Ä‘á»©ng dáº­y chuáº©n bá»‹ Ä‘i vá» thÃ¬ báº¡n nhÃ¢n viÃªn cÅ©ng khÃ´ng nÃ³i gÃ¬. VÃ  cÃ¡i bÃ n Ä‘Ã³ váº«n trá»‘ng. Cáº£m giÃ¡c nhÆ° bá»‹ Ä‘uá»•i khá»i quÃ¡n. Trong khi bÃ n Äƒn khÃ´ng Ä‘Ã´ng Ä‘áº¿n má»©c pháº£i Ä‘uá»•i khÃ¡ch nhÆ° váº­y.   ThÃªm,1 sao,3 nÄƒm trÆ°á»›c
Phá»¥c vá»¥ tá»‘t nhiá»‡t tÃ¬nh. GiÃ¡ há»£p lÃ½.,5 sao,6 nÄƒm trÆ°á»›c
"NhÃ¢n viÃªn nhiá»‡t tÃ¬nh , báº¡n gá»i mÃ³n dá»… thÆ°Æ¡ng quÃ¡ Ä‘i Dá»‹ch vá»¥ Ä‚n táº¡i chá»—â€¦   ThÃªm",5 sao,má»™t nÄƒm trÆ°á»›c
"Trong nhiá»u sá»± lá»±a choÌ£n, tÃ´i váº«n choÌ£n Jollibee vá»›i mÃ³n gÃ  sá»‘t cay. Dá»‹ch vá»¥â€¦   ThÃªm",4 sao,7 thÃ¡ng trÆ°á»›c
Äá»“ Äƒn ngon ráº» vÃ  phá»¥c vá»¥ ráº¥t nhanh â¤ï¸ Dá»‹ch vá»¥ Ä‚n táº¡i chá»—â€¦   ThÃªm,5 sao,10 thÃ¡ng trÆ°á»›c
"GÃ  cá»§a tiá»‡m ráº¥t ngon, giÃ¡ cáº£ há»£p lÃ­.
KhÃ´ng gian quÃ¡n rá»™ng rÃ£i, maÌt máº», view Ä‘áº¹p.
NhÃ¢n viÃªn táº­n tÃ¬nh, lá»… phÃ©p, phá»¥c vá»¥ nhanh vÃ  chuyÃªn nghiá»‡p.",4 sao,Thá»i gian chá»‰nh sá»­a: 5 nÄƒm trÆ°á»›c
"Äá»“ Äƒn ngon, giÃ¡ á»•n, nhÃ¢n viÃªn nhiá»‡t tÃ¬nh dÃ¹ lÃºc nÃ o cÅ©ng Ä‘Ã´ng Dá»‹ch vá»¥ Muâ€¦   ThÃªm",5 sao,Thá»i gian chá»‰nh sá»­a: má»™t nÄƒm trÆ°á»›c
"Äá»“ Äƒn ngon, nhÃ¢n viÃªn nhiá»‡t tÃ¬nh, dá»… thÆ°Æ¡ng Dá»‹ch vá»¥ Ä‚n táº¡i chá»—â€¦   ThÃªm",5 sao,má»™t nÄƒm trÆ°á»›c
"Ngon nha mn, giÃ¡ ráº», ko gian cÅ©ng Ä‘Æ°á»£c. Dá»‹ch vá»¥ Ä‚n táº¡i chá»—â€¦   ThÃªm",5 sao,10 thÃ¡ng trÆ°á»›c
"Báº¡n DuyÃªn Leader gá»i mÃ³n nhiá»‡t tÃ¬nh, nhÃ¢n viÃªn waiter thÃ¬ luÃ´n chÃºc ngon miá»‡ng dá»… thÆ°Æ¡ng Dá»‹ch vá»¥â€¦   ThÃªm",5 sao,má»™t nÄƒm trÆ°á»›c
trÃ  my Ä‘Ã£ Ä‘Ã¡nh giÃ¡ 5sao,5 sao,2 thÃ¡ng trÆ°á»›c
"Eww trÃªn táº§ng toÃ n lÃ  xÆ°Æ¡ng,nhÃ¢n viÃªn Ã­t dá»n dáº¹p,dÆ¡,gÃ  ngon,nv cÅ©ng niá»m ná»Ÿ 2 sao thÃ´i Dá»‹ch vá»¥â€¦   ThÃªm",1 sao,má»™t nÄƒm trÆ°á»›c
Äá»“ Äƒn ngon Äá»“ Äƒn:  5 Dá»‹ch vá»¥: â€¦   ThÃªm,5 sao,má»™t tuáº§n trÆ°á»›c
phá»¥c vá»¥ nhanh nhiá»‡t tÃ¬nh Äá»“ Äƒn:  5 Dá»‹ch vá»¥: â€¦   ThÃªm,5 sao,4 thÃ¡ng trÆ°á»›c
"HÆ¡i Ä‘Ã´ng , Ã­t gháº¿ ngá»“i chá»",4 sao,2 thÃ¡ng trÆ°á»›c
"Phá»¥c vá»¥ tá»›i Ä‘á»“ Äƒn chá»‰ cÃ³ 2 tá»« phÃ¹ há»£p ""Äáº³ng cáº¥p"" Äá»“ Äƒn:  5â€¦   ThÃªm",5 sao,11 thÃ¡ng trÆ°á»›c
ÄÃ´ng Ä‘Ãºc hÆ¡i xÃ´ bá»“ ngÆ°á»i dÃ¢n Ä‘á»‹a phÆ°Æ¡ng khÃ¡ gáº§n gÅ©i vÃ  dá»… thÆ°Æ¡ng thá»©c Äƒn ngon Ä‘a dáº¡ng nhiá»u chá»— cÃ¹ng bÃ¡n má»™t mÃ³n nhÆ°ng chá»‰ cÃ³ 1 chá»— thá»±c sá»± ngon. NÃªn cáº©n tháº­n tiá»n báº¡c vÃ  Ä‘á»“ dÃ¹ng cÃ¡ nhÃ¢n vÃ¬ cÃ³ nhá»¯ng dÃ¢n quÃª hay lÃªn thÃ nh phá»‘ lá»›n Ä‘á»ƒ mÃ³c tÃºi.,5 sao,3 nÄƒm trÆ°á»›c
"ÄÃ³ng gÃ³i cá»±c ká»³ tá»‡, mang vá» tá»›i nhÃ  Ä‘á»“ Äƒn Ä‘á»• háº¿t ra bá»c ko Äƒn Ä‘c ná»¯a

Tráº£i nghiá»‡m cá»±c ká»³ tá»‡ vÃ  sáº½ khÃ´ng bao giá» Ä‘áº¿n láº§n nx.   ThÃªm",1 sao,má»™t nÄƒm trÆ°á»›c
"Äá»“ Äƒn ngon
NhÃ¢n viÃªn thÃ¬ thÃ¢n thiá»‡n láº¯m nhaa Äá»“ Äƒn:  5â€¦   ThÃªm",5 sao,má»™t nÄƒm trÆ°á»›c
"Äá»“ Äƒn ngon, giÃ¡ ráº», phá»¥c vá»¥ nhanh",5 sao,5 nÄƒm trÆ°á»›c
Báº£o vá»‡ hÆ¡i thÃ¡i Ä‘á»™ Dá»‹ch vá»¥ Mua mang Ä‘iâ€¦   ThÃªm,1 sao,2 tuáº§n trÆ°á»›c
QuÃ¡n Ä‘Ã´ng khÃ¡ch nhÆ°ng cÃ¡c báº¡n nhÃ¢n viÃªn váº«n nhiá»‡t tÃ¬nh giÃºp Ä‘á»¡. Thá»©c Äƒn ngon Ä‘áº·c biá»‡t lÃ  gÃ  sá»‘t cay vÃ  giÃ²n cay.,5 sao,4 nÄƒm trÆ°á»›c
"Ä‘á»“ Äƒn jollibee lÃºc nÃ o cÅ©ng ráº¥t ok, thá»‹t gÃ  má»ng nÆ°á»›c thÆ¡m ngon, giÃ²n, mÃ¬ Ã½ cÅ©ng ráº¥t ngon, khÃ´ng gian quÃ¡n thÃ¬ rá»™ng rÃ£i thoáº£i mÃ¡i, nhiá»u táº§ng, cÃ³ táº§ng tá»• chá»©c sinh nháº­t cho tráº» em, giÃ¡ cá»§a jollibee cÅ©ng khÃ¡ má»m. Ráº¥t tá»‘t.   ThÃªm",5 sao,2 nÄƒm trÆ°á»›c
"ÄÃ¢y lÃ  gÃ³c Ä‘Æ°á»ng Jollibee Tráº§n HÆ°ng Äáº¡o, cá»­a hÃ ng khu vá»±c nÃ y khÃ´ng gian bÃ©, nÃªn lÃ  mÃ¬nh chá»‰ mua vá». Vá»«a rá»“i cÃ³ mua combo 109k táº·ng gáº¥u bÃ´ng tuáº§n lá»™c ráº¥t kute nhen   ThÃªm",5 sao,2 nÄƒm trÆ°á»›c
KhÃ´ng gian sáº¡ch sáº½ nhÆ°ng cÃ³ Ä‘iá»u giáº­n hÆ¡i tráº­t 1 xÃ­u nhÆ°ng Ä‘á»•i láº¡i lÃ  nhÃ¢n viÃªn phá»¥c vá»¥ nhiá»‡t tÃ¬nh. Dâ€¦   ThÃªm,5 sao,má»™t nÄƒm trÆ°á»›c
"QuÃ¡n náº±m vá»‹ trÃ­ Ä‘áº¹p, ngay ngÃ£ 4 Tráº§n HÆ°ng Äáº¡o vá»›i Nguyá»…n VÄƒn Cá»«. á» Ä‘Ã¢y ngon nháº¥t lÃ  mÃ³n Spaghetti, cÃ¡c mÃ³n khÃ¡c bÃ¬nh thÆ°á»ng. MÃ³n gÃ  truyá»n thá»‘ng sáº½ khÃ´ng ngon báº±ng KFC. â€¦   ThÃªm",3 sao,9 nÄƒm trÆ°á»›c
"CÃ³ chá»‹ quáº£n lÃ½ kÃ©o rÃ¨m che náº¯ng giÃºp, cáº£m Æ¡n chá»‹. Dá»‹ch vá»¥ Ä‚n táº¡i chá»—â€¦   ThÃªm",5 sao,11 thÃ¡ng trÆ°á»›c
"NhÃ¢n viÃªn siÃªu nhiá»‡t tÃ¬nh, mÃ¬ Ã½ ngon nhá»©c nÃ¡ch páº·c páº·c ğŸ’“ğŸ’“ mÃª ğŸ¤ŒğŸ» â€¦ Dá»‹ch vá»¥â€¦   ThÃªm",5 sao,má»™t nÄƒm trÆ°á»›c
"Thá»©c Äƒn tuyá»‡t vá»i. Phá»¥c vá»¥ tá»«ng mÃ³n tá»«ng mÃ³n, khÃ´ng mang ra cÃ¹ng lÃºc. HÃ´m nay trÃ£i nghiá»‡m táº¡i quÃ¡n quÃ¡ tá»‡.   ThÃªm",3 sao,2 nÄƒm trÆ°á»›c
Vá»«a rá»“i mÃ¬nh cÃ³ ghÃ© qua nhÆ°ng háº¿t cÃ¡nh vÃ  Ä‘Ã¹i mÃ  pháº§n combo mÃ¬nh dÃ¹ng cÃ³ thá»ƒ táº­n 3 miáº¿ng á»©c rÃ¢t lÃ  ngÃ¡n ! mÃ¬nh há»i cÃ³ Ä‘á»£i Ä‘Æ°á»£c khÃ´ng thÃ¬ nv ná»¯ báº£o lÃ  háº¿t luÃ´n cÃ¡nh vÃ  Ä‘Ã¹i . MÃ¬nh cÅ©ng cháº¥p nháº­n vÃ  Ä‘á»‹nh xem cÃ²n combo nÃ o thÃ­ch há»£p 2 k thÃ¬ 1 â€¦   ThÃªm,2 sao,8 nÄƒm trÆ°á»›c
NhÃ¢n viÃªn thÃ¡i Ä‘á»™ . Dá»‹ch vá»¥ Ä‚n táº¡i chá»—â€¦   ThÃªm,1 sao,2 thÃ¡ng trÆ°á»›c
Coi thÆ°á»ng dáº«n con gÃ¡i cá»§a mÃ¬nh Ä‘áº¿n Ä‘Ã¢y Äƒn vÃ¬ thá»©c Äƒn á»Ÿ Ä‘Ã¢y phÃ¹ há»£p vá»›i kháº©u vá»‹ tráº» em giÃ¡ cáº£ cÅ©ng khÃ¡ tá»‘t   ThÃªm,5 sao,2 nÄƒm trÆ°á»›c
"MÃ³n Äƒn ngon, giÃ¡ cáº£ há»£p lÃ½ trong khu vá»±c. Tuy nhiÃªn khÃ´ng gian Ä‘Æ°á»£c bÃ i trÃ­ táº¡o cáº£m giÃ¡c cháº­t chá»™i, Ã¡nh sÃ¡ng yáº¿u.   ThÃªm",4 sao,3 nÄƒm trÆ°á»›c
má»i thá»© á»Ÿ Ä‘Ã¢y khÃ´ng cÃ³ gÃ¬ Ä‘á»ƒ chÃª tá»« Ä‘á»“ Äƒn Ä‘áº¿n cÃ¡ch phá»¥c vá»¥ Ä‘á»u 10Ä‘ Loáº¡i hÃ¬nh bá»¯a Äƒnâ€¦   ThÃªm,5 sao,má»™t nÄƒm trÆ°á»›c
"Kem ngon, mÃ¬ ngon, nhÆ°ng quÃ¡n lÃºc nÃ o cÅ©ng Ä‘Ã´ng khÃ¡ch nÃªn thá»i gian chá» mÃ³n hÆ¡i lÃ¢u nha mn",4 sao,2 nÄƒm trÆ°á»›c
"KhÃ´ng gian khÃ´ng quÃ¡ cháº­t, nÃ³i chung vá»«a. Ngay ngÃ£ 4 Ä‘Æ°á»ng Tráº§n HÆ°ng Äáº¡o - Nguyá»…n VÄƒn Cá»«. NgÆ°á»i lá»›n Äƒn pháº§n combo cÆ¡m gÃ  giÃ¡ 50k gá»“m cÆ¡m tráº¯ng dáº»o, miáº¿ng gÃ  giÃ²n hoáº·c gÃ  cay, ly pepsi, chÃ©n canh sÃºp kháº©u vá»‹ khÃ¡ á»•n. Ä‚n no bá»¥ng. Má»i ngÆ°á»i dáº«n cÃ¡c con tá»›i Äƒn uá»‘ng giÃ¡ vá»«a pháº£i.",5 sao,4 nÄƒm trÆ°á»›c
"Ráº¥t tuyá»‡t vá»i áº¡, máº¥y anh chá»‹ nhÃ¢n viÃªn ráº¥t nhiá»‡t tÃ¬nh há»— trá»£ Dá»‹ch vá»¥ Ä‚n â€¦   ThÃªm",5 sao,9 thÃ¡ng trÆ°á»›c
"Ráº¥t tá»‘t. Vá»›i má»™t quy trÃ¬nh lÃ m viá»‡c hiá»‡u quáº£,dá»‹ch vá»¥ sá»­a nhÃ  nhanh cá»§a chÃºng tÃ´i sáº½ giÃºp quÃ½ khÃ¡ch nhanh chÃ³ng giáº£i quyáº¿t má»i váº¥n Ä‘á» trÃªn cÃ´ng trÃ¬nh xÃ¢y dá»±ng cá»§a mÃ¬nh. â€¦   ThÃªm",5 sao,7 nÄƒm trÆ°á»›c
"Chá»— hÆ¡i cháº­t, dÆ¡ lÃ¢u lÃ¢u nhÃ¢n viÃªn má»›i vá»‡ sinh má»™t láº§n. Thá»©c Äƒn thÃ¬ Ä‘á»£i lÃ¢u nháº¥t lÃ  buá»•i trÆ°a. Äá»“ Äƒn: â€¦   ThÃªm",3 sao,2 nÄƒm trÆ°á»›c
nÃªn ghÃ© nha má»i ngÆ°á»i Äá»“ Äƒn:  5 Dá»‹ch vá»¥: â€¦   ThÃªm,5 sao,2 thÃ¡ng trÆ°á»›c
"DÃ¹ biáº¿t quÃ¡n Ä‘Ã´ng, nhÃ¢n viÃªn lá»™n xá»™n, ghi nháº§m Ä‘Æ¡n mÃ¬nh tá»« ""mang vá»"" sang ""dÃ¹ng táº¡i chá»—"". MÃ¬nh yÃªu cáº§u VÃ€O Há»˜P MANG Vá»€ tá»›i 5 6 láº§n má»›i chá»‹u bá» vÃ o bao cho mÃ¬nh, tá» váº» khÃ³ chá»‹u tá»« lÃºc Ä‘áº§u mÃ¬nh nÃ³i, nÃ³i xáº¥u mÃ¬nh vá»›i nhÃ¢n viÃªn káº¿ bÃªn ná»¯a. â€¦   ThÃªm",1 sao,4 nÄƒm trÆ°á»›c
GiÃ¡ cáº£ phÃ¹ há»£p cho cÃ¡c báº¡n tráº» thÆ°á»Ÿng thá»©c mÃ³n gÃ  rÃ¡n vÃ  mÃ¹ Ã Äá»“ Äƒn:  4â€¦   ThÃªm,4 sao,má»™t nÄƒm trÆ°á»›c
Ngá»“i 1 lÃºc ná»¯a cháº¯c Ä‘Ã³ng bÄƒng táº¡i chá»—. Ráº¥t láº¡nh Äá»“ Äƒn:  4â€¦   ThÃªm,5 sao,8 thÃ¡ng trÆ°á»›c
"QuÃ¡n cÅ©ng tÆ°Æ¡ng Ä‘á»‘i sáº¡ch sáº½, cÃ³ 2 láº§u, gháº¿ bÃ n gá»n gÃ ng vÃ  cÃ²n má»›i, chá»‰ cÃ³ Ä‘iá»u bá»¯a Ä‘Ã³ mÃ¬nh Ä‘i cÃ¡c báº¡n lÃ m thá»©c Äƒn hÆ¡i lÃ¢u thÃ´i, cÃ²n má»i thá»© Ä‘á»u ok",5 sao,5 nÄƒm trÆ°á»›c
"NgÃ y 24/11/20203 mÃ¬nh cÃ³ Ä‘i jollibee vÃ o lÃºc 14:30 thÃ¬ báº£o vá»‡ nÃ³i chuyá»‡n ráº¥t lÃ¡o vá»›i khÃ¡ch, chá»­i khÃ¡ch ,khÃ´ng lÃ m Ä‘Ãºng theo trÃ¡ch nhiá»‡m cá»§a mÃ¬nh. Bá»™ pháº­n nhÃ¢n sá»± nÃªn coi láº¡i vÃ  xem xÃ©t   ThÃªm",1 sao,má»™t nÄƒm trÆ°á»›c
"Äá»“ Äƒn ngon, nhÃ¢n viÃªn thÃ¢n thiá»‡n, hiáº¿u khÃ¡ch ğŸ˜˜ â€¦ Äá»“ Äƒn:  5â€¦   ThÃªm",5 sao,má»™t nÄƒm trÆ°á»›c
NhÃ¢n viÃªn nhiá»‡t tÃ¬nh Dá»‹ch vá»¥ Ä‚n táº¡i chá»—â€¦   ThÃªm,5 sao,2 thÃ¡ng trÆ°á»›c
"Äá»“ Äƒn ngon, nhÃ¢n viÃªn ráº¥t nhiá»‡t tÃ¬nh. Dá»‹ch vá»¥ Ä‚n táº¡i chá»—â€¦   ThÃªm",5 sao,8 thÃ¡ng trÆ°á»›c
"KhÃ´ng gian thoáº£i mÃ¡i nháº¥t lÃ  máº¥y bÃ n gáº§n kÃ­nh, giÃ¡ cáº£ há»£p lÃ½ Dá»‹ch vá»¥ Ä‚n â€¦   ThÃªm",5 sao,má»™t nÄƒm trÆ°á»›c
Phá»¥c vá»¥ quÃ¡ tá»‘t . Äá»“ Äƒn cÃ³ liá»n xÃºc xÃ­ch khÃ´ng bá»‹ khÃ´ . Cáº£m giÃ¡c tÆ°Æ¡i hÆ¡n cÃ¡c chá»— khÃ¡c .,5 sao,2 nÄƒm trÆ°á»›c
Phá»¥c vá»¥ vÃ  quáº£n lÃ½ tá»‡ ko bao giá» quay láº¡i,1 sao,9 thÃ¡ng trÆ°á»›c
Bao ngon trong tÃ¢Ì€m giaÌ khÃ´ng gian hÆ¡Ì£p lyÌ. MaÌ€ khuyÃªn chÃ¢n thaÌ€nh thiÌ€ nÃªn Äƒn taÌ£i chÃ´Ìƒ seÌƒ ngon hÆ¡n laÌ€ mang vÃªÌ€ nheÌ,5 sao,3 nÄƒm trÆ°á»›c
"Äá»“ Äƒn Ä‘Æ°á»£c phá»¥c vá»¥ nhanh chÃ³ng 5-10 phÃºt lÃ  Ä‘Ã£ cÃ³, nhÃ¢n viÃªn nhÃ  hÃ ng nhiá»‡t tÃ¬nh,vui váº»
Äiá»ƒm trá»« lÃ  Ä‘á»™i ngÅ© giá»¯ xe chÆ°a nÄƒng ná»•, nhÃ  hÃ ng náº±m ngay ngÃ£ tÆ° lá»›n giao thÃ´ng â€¦   ThÃªm",4 sao,5 nÄƒm trÆ°á»›c
"NÆ¡i Äƒn gÃ  rÃ¡n giá»‘ng KFC, vá»‹ vÃ  nÆ°á»›c cháº¥m chua ngá»t chÆ°a ngon. Váº«n thu hÃºt Ä‘c lÆ°á»£ng khÃ¡ch khÃ¡ Ä‘Ã´ng, Ä‘Ã´ng hÆ¡n KFC bÃªn cáº¡nh.",4 sao,4 nÄƒm trÆ°á»›c
"Phá»¥c vá»¥ tá»‘t , thÃ¢n thiá»‡n dá»… thÆ°Æ¡ng , nhiá»‡t tÃ¬nh nhÆ°ng mÃ  má»³ Ã½ pháº§n khá»•ng lá»“ Ã­t hÆ¡n chá»— khÃ¡c Äƒn nhÆ° pháº§n nhá» bÃ¬nh thÆ°á»ng váº­y , cháº¯c do nhiá»u khÃ¡ch nÃªn lÃ m Ã­t láº¡i :( trÃªn láº§u má»Ÿ nháº¡c hÆ¡i á»“n nÃ³i chung lÃ  cÅ©ng ok láº¯m <3",4 sao,4 nÄƒm trÆ°á»›c
Ngá»“i lÃ¢u vs báº¡n xÃ­u váº«n cÃ²n nhÃ¢m nhi khoai láº¯c nhÆ°ng tá»« nhÃ¢n viÃªn Ä‘áº¿n báº£o vá»‡ Ä‘á»u tá» thÃ¡i Ä‘á»™. Dá»‹ch vá»¥â€¦   ThÃªm,1 sao,2 nÄƒm trÆ°á»›c
MÃ¬ Ã½ ráº¥t ngon mÃ³n mÃ¬nh thÃ­ch nháº¥t Dá»‹ch vá»¥ Ä‚n táº¡i chá»—â€¦   ThÃªm,5 sao,11 thÃ¡ng trÆ°á»›c
"Äá»“ Äƒn ráº¥t ngon, nhÃ¢n viÃªn thÃ¢n thiá»‡n Äá»“ Äƒn:  5â€¦   ThÃªm",5 sao,má»™t nÄƒm trÆ°á»›c
"NhÃ¢n viÃªn phá»¥c vá»¥ lÃ¢u,quáº£n lÃ½ nÃ³i chuyá»‡n cá»™c cáº±n,bill cá»§a khÃ¡ch giá»¯ luÃ´n ,khÃ¡ch thiáº¿u pháº§n Äƒn thÃ¬ há»i láº¡i bill Ä‘Ã¢u ....cung cÃ¡ch dá»Ÿ tá»‡ ,khÃ´ng ghÃ© láº§n 2",1 sao,5 nÄƒm trÆ°á»›c
"QuÃ¡n phá»¥c vá»¥ cÃ³ quy trÃ¬nh nÃªn ráº¥t nhanh ra mÃ³n, nhÃ¢n viÃªn tráº» trung vui tÆ°Æ¡i vÃ  nhiá»‡t tÃ¬nh",5 sao,4 nÄƒm trÆ°á»›c
"Äáº¿n Ä‘Ã¢y Äƒn Ä‘c máº¥y láº§n, theo cáº£m nháº­n thÃ¬ mÃ¬ á»Ÿ Ä‘Ã¢y ko ngon, nÃªn Äƒn gÃ  thÃ¬ hÆ¡n. CÃ³ trÃ  sá»¯a thÃ¡i xanh vÃ  Ä‘á» khÃ¡ thÆ¡m vÃ  bÃ©o. NhÃ¢n viÃªn phá»¥c vá»¥ bt, ko gian khÃ¡ rá»™ng rÃ£i.",4 sao,7 nÄƒm trÆ°á»›c
"GaÌ€ raÌn viÌ£ Ä‘Ã¢Ì£m Ä‘aÌ€ hÆ¡n nhÆ°Ìƒng nÆ¡i khaÌc, khÃ´ng gian rÃ´Ì£ng raÌƒi, nhÃ¢n viÃªn phuÌ£c vuÌ£ chuyÃªn nghiÃªÌ£p, vui veÌ‰, nhiÃªÌ£t tiÌ€nh, giaÌ caÌ‰ khaÌ caÌ£nh tranh so vÆ¡Ìi caÌc thÆ°Æ¡ng hiÃªÌ£u khaÌc.",4 sao,5 nÄƒm trÆ°á»›c
"Äá»“ Äƒn cá»§a jollibee thÃ¬ ngon nhÆ°ng cÃ¡ch phá»¥c vá»¥ vá»›i order tá»‡, cá»© lá»™n xá»™n cáº£ lÃªn, Äƒn 1 láº§n Ä‘Ã£ ko hÃ i lÃ²ng mÃ  nghÄ© cháº¯c do hÃ´m Ä‘Ã³ Äƒn láº§n tiáº¿p theo láº¡i cÃ ng ko hÃ i lÃ²ng, khÃ¡ch hÃ ng ai cÅ©ng tháº¿ ko pháº£i riÃªng tÃ´i bá» tiá»n ra thÆ°á»Ÿng thá»©c vÃ  mong Ä‘c â€¦   ThÃªm",1 sao,4 nÄƒm trÆ°á»›c
"NhÃ¢n viÃªn lá»… phÃ©p, ra mÃ³n nhanh Dá»‹ch vá»¥ Ä‚n táº¡i chá»—â€¦   ThÃªm",5 sao,8 thÃ¡ng trÆ°á»›c
"MÃ³n mÃ¬ Ã vÃ  vá»‹ gÃ  cá»§a Jollibee lÃ  nhá»¯ng mÃ³n cÃ³ vá»‹ ráº¥t khÃ¡c, Ä‘áº­m Ä‘Ã  hÆ¡n so vá»›i KFC vÃ  Lotteria. Máº·c dÃ¹ K vÃ  L Ä‘á»u cÃ³ nhá»¯ng vá»‹ gÃ  khÃ¡c biá»‡t cÅ©ng khÃ¡ ngon, nhÆ°ng Ä‘Ã¢y cÅ©ng lÃ  2 mÃ³n mÃ  mÃ¬nh thÃ­ch nháº¥t á»Ÿ Jollibee.",4 sao,Thá»i gian chá»‰nh sá»­a: 4 nÄƒm trÆ°á»›c
TÃ´i Ä‘Ã£ khÃ´ng Ä‘Æ°á»£c há»— trá»£ Ä‘á»•i combo khi tÃ´i muá»‘n chá»n combo giÃ¡ng sinh cá»§a jolibee vÃ  khi mua vá» khÃ´ng cÃ³ tÆ°Æ¡ng   ThÃªm,1 sao,má»™t nÄƒm trÆ°á»›c
Kem hÆ¡i ngá»t vá»›i mÃ¬nh nhÆ°ng sáº½ phÃ¹ há»£p vá»›i máº¥y em nhá» Dá»‹ch vá»¥ Ä‚n táº¡i chá»—â€¦   ThÃªm,5 sao,Thá»i gian chá»‰nh sá»­a: 10 thÃ¡ng trÆ°á»›c
"CÃ³ anh nhÃ¢n viÃªn tÃªn ThÃ¡i Ä‘áº·c biá»‡t nhiá»‡t tÃ¬nh, take care khÃ¡ch láº¯m luÃ´n a, Ä‘á»“ Äƒn ngon nhaaaa Loáº¡i hÃ¬nâ€¦   ThÃªm",5 sao,2 nÄƒm trÆ°á»›c
"MÃ¬nh Ä‘i 2 cha con( con mÃ¬nh 2tuá»•i) mÃ  xáº¿p hÃ ng cho Ä‘Ã£ rá»“i báº¡n oder kÃªu cÃ³ bÃ n má»›i nháº­n oder, quÃ¡ tá»‡ háº¡i   ThÃªm",1 sao,2 nÄƒm trÆ°á»›c
MÃ³n Äƒn Ä‘áº­m Ä‘Ã  ngon. Phá»¥c vá»¥ nhanh niá»m ná»Ÿ.. Dá»‹ch vá»¥ Mua mang Ä‘iâ€¦   ThÃªm,4 sao,má»™t nÄƒm trÆ°á»›c
"LÃºc mÃ¬nh ghÃ© lÃ  thá»i gian cao Ä‘iá»ƒm cá»§a cá»­a hÃ ng, khÃ¡ch Ä‘Ã´ng, shipper Ä‘Ã´ng. NhÆ°ng nhÃ¢n viÃªn cá»­a hÃ ng lÃ m viá»‡c nhanh nháº¹n vÃ  thÃ¢n thiá»‡n.",5 sao,3 nÄƒm trÆ°á»›c
Tuyá»‡t vá»i Äá»“ Äƒn:  5 Dá»‹ch vá»¥:  â€¦   ThÃªm,5 sao,má»™t nÄƒm trÆ°á»›c
Ngon miá»‡ng khÃ¡ okiala Loáº¡i hÃ¬nh bá»¯a Äƒn Bá»¯a tá»‘iâ€¦   ThÃªm,5 sao,4 thÃ¡ng trÆ°á»›c
"24/11/2023 15:00 - Báº£o vá»‡ thÃ¡i Ä‘á»™,nÃ³i chuyá»‡n lÃ¡o vá»›i khÃ¡ch, khÃ´ng lÃ m trÃ²n trÃ¡ch nhiá»‡m vÃ  khÃ´ng tÃ´n trá»ng khÃ¡ch   ThÃªm",1 sao,má»™t nÄƒm trÆ°á»›c
"Phá»¥c vá»¥ mÃ³n há»£p kháº©u vá»‹, phÃ¹ há»£p vá»›i nguá»i viá»‡t hÆ¡n lotteria vÃ  kfc, Ä‘á»‹a Ä‘iá»ƒm á»Ÿ ngÃ£ tÆ° tráº§n hÆ°ng Ä‘áº¡o nguyá»…n vÄƒn cá»« nÃªn khÃ¡ Ä‘Ã´ng Ä‘Ãºc, á»“n Ã o, khÃ´ng thÃ­ch há»£p cho nguá»i thÃ­ch yÃªn tÄ©nh. Thá»©c uá»‘ng khÃ¡ ngon, Ä‘áº·c biá»‡t lÃ  trÃ  Ä‘Ã o",4 sao,8 nÄƒm trÆ°á»›c
"QuÃ¡n iu thÃ­ch heehe. LÃ¢u k Äƒn thÃ¬ láº¡i thÃ¨m ğŸ˜¹, thÃ­ch nháº¥t kem á»Ÿ Ä‘Ã¢y luÃ´n . ğŸ’• â€¦ Äá»“ Äƒn:  5â€¦   ThÃªm",5 sao,má»™t nÄƒm trÆ°á»›c
"MÃ³n Spaghetti ngon, lÃºc nÃ o mÃ¬nh cÅ©ng lÃ m mÃ³n Spaghetti khi ghÃ© cá»­a hÃ ng nÃ y, nÆ°á»›c sá»‘t trong mÃ¬ Ä‘áº­m vá»‹ nÃªn Äƒn háº¿t pháº§n thÃ¬ hÆ¡i ngáº­y",5 sao,5 nÄƒm trÆ°á»›c
Kem ráº¥t ngon,5 sao,4 nÄƒm trÆ°á»›c
KhÃ´ng gian hÆ¡i nhá».tuy lÃ  combo há»£p lÃ½ nhÆ°ng nÆ°á»›c ngá»t uá»‘ng ráº¥t dá»Ÿ.Ä‘áº·c biá»‡t lÃ  coca Äá»“ Äƒn:  5â€¦   ThÃªm,5 sao,2 nÄƒm trÆ°á»›c
QuÃ¡ lÃ¢u ngá»“i Ä‘á»£i 30p váº«n khÃ´ng cÃ³ Ä‘á»“ Äƒn Äá»“ Äƒn:  5â€¦   ThÃªm,1 sao,má»™t nÄƒm trÆ°á»›c
"Báº¿p dÆ¡
GÃ  bá»¡, sá»‘t chua ngá»t gÃ¬ áº¥y cÃ¡i mÃ¹i hÃ³a cháº¥t kinh khá»§ng
NhÃ¢n viÃªn nhÆ° khÃºc cÅ©i váº­y, vÃ´ cÃ¹ng lÃ¢u vÃ  lá» má» tá»›i chá»«ng bá»±c lÃªn mÃ¬nh má»›i cÃ³ miáº¿ng Äƒn sao
ğŸ¤¢ğŸ¤¢ğŸ¤¢ â€¦",1 sao,4 nÄƒm trÆ°á»›c
"MÃ³n ngon, nhanh, bá»¯a Ä‘Ã´ng mÃ  mn lÃ m nhanh nháº¹n láº¯m, nhÃ¢n viÃªn dth nhiá»‡t tÃ¬nh Dá»‹ch vá»¥â€¦   ThÃªm",5 sao,má»™t nÄƒm trÆ°á»›c
Tá»‡ oder ná»­a tiáº¿ng hÆ¡n váº«n chÆ°a cÃ³ khÃ¡ch tá»›i trc mÃ¬nh cÃ²n cÃ³ trÆ°á»›c mÃ¬nh,1 sao,má»™t nÄƒm trÆ°á»›c
"Ngay ngÃ£ tÆ° dá»… tháº¥y, cÃ³ chá»— Ä‘áº­u xe mÃ¡y dá»… dÃ ng, khÃ´ng Ä‘áº­u xe hÆ¡i Ä‘Æ°á»£c. CÃ³ phÃ²ng tá»• chá»©c tiá»‡c sinh nháº­t. MÃ³n má»³ Ã ngon vÃ  ráº».",4 sao,5 nÄƒm trÆ°á»›c
"TÃ´i Ä‘Æ°Æ¡Ì£c 1 ngÆ°Æ¡Ì€i baÌ£n mÆ¡Ì€i tÆ¡Ìi Äƒn viÌ€ coÌ phiÃªÌu Äƒn taÌ£i cÆ°Ì‰a haÌ€ng naÌ€y. Khi Ä‘ÃªÌn thu ngÃ¢n tÆ°Ì€ chÃ´Ìi bÃ¢Ìm baÌ£n tÃ´i Ä‘Æ°a laÌ£i thiÌ€ biÌ£ hoÌ‰i vÆ¡Ìi thaÌi Ä‘Ã´Ì£ hÄƒÌ€ng hÃ´Ì£c "" Sao chiÌ£ tÆ¡Ìi giÆ¡Ì€ naÌ€y?"" VÃ¢Ì£y cho hoÌ‰i muÃ´Ìn Äƒn coÌ€n phaÌ‰i xin pheÌp â€¦   ThÃªm",1 sao,5 nÄƒm trÆ°á»›c
NÆ¡i Ä‘Ã¢y ghi dáº¥u bao ká»· niá»‡m...bao nÄƒm lÃ m Ng dáº«n chÆ°Æ¡ng trÃ¬nh cho cÃ¡c em thiáº¿u nhi...gáº¯n vá»›i tuá»•i tráº» ngÃ¢y thÆ¡ nhiá»‡t huyáº¿t cá»§a mÃ¬nh...marketing...Mc hay speaker....má»‘i tÃ¬nh Ä‘áº§u cÅ©ng báº¯t Ä‘áº§u tá»« nÆ¡i Ä‘Ã¢y....cáº£m tháº¥y yÃªu Jollibee .....vÃ  váº«n giá»¯ mÃ£i trong tim,5 sao,Thá»i gian chá»‰nh sá»­a: 6 nÄƒm trÆ°á»›c
"ÄÃ´ng, nv lá»‹ch sá»±. Dá»‹ch vá»¥ Ä‚n táº¡i chá»—â€¦   ThÃªm",5 sao,2 nÄƒm trÆ°á»›c
"tuyá»‡t vá»i tá»« nhÃ¢n viÃªn phá»¥c vá»¥ Ä‘áº¿n báº£o vá»‡, thá»©c Äƒn ngon Äá»“ Äƒn:  5â€¦   ThÃªm",5 sao,2 nÄƒm trÆ°á»›c
ngon tuyá»‡t vá»i Dá»‹ch vá»¥ Ä‚n táº¡i chá»—â€¦   ThÃªm,5 sao,4 thÃ¡ng trÆ°á»›c
Ä‘á»“ Äƒn cÅ©ng Ä‘Æ°á»£c. mÃ  mÃ¬nh gá»i combo cÃ³ 2 cocacola mÃ  Äƒn xong má»™t lÃºc rá»“i há»i má»›i chá»‹u mang ra...,3 sao,4 nÄƒm trÆ°á»›c
"ÄÃ´ng khÃ¡ch, Ä‘á»“ Äƒn ra nhanh, nhÃ¢n viÃªn nhiá»‡t tÃ¬nh, nháº¥t lÃ  bÃ¡c báº£o vá»‡ ğŸ˜š â€¦",4 sao,2 nÄƒm trÆ°á»›c
NhÃ¢n vien vÃ  Ä‘á»“ Äƒn Ä‘á»u oki cÃ³ Ä‘iá»u lÃºc nÃ o quÃ¡n cÅ©ng ráº¥t Ä‘Ã´ng. TÃ¬m chá»— ngá»“i hÆ¡i khÃ³,5 sao,3 nÄƒm trÆ°á»›c
"KhÃ´ng gian thoÃ¡ng mÃ¡t. NhÃ¢n viÃªn nhiá»‡t tÃ¬nh, mÃ³n Äƒn cháº¥t lÆ°á»£ng Äá»“ Äƒn:  5â€¦   ThÃªm",5 sao,2 nÄƒm trÆ°á»›c
KhÃ¡ ngon. NhÆ°ng hÆ¡i cháº­t. Xá»­ lÃ½ cá»§a nhÃ¢n viÃªn khÃ¡ cháº­m. Trá»i mÆ°a thÃ¬ hÆ¡i khÃ³ khi láº¥y xe,4 sao,Thá»i gian chá»‰nh sá»­a: 5 nÄƒm trÆ°á»›c
"Tá»›i trÆ°á»›c mÃ  Ä‘Æ°á»£c nháº­n Ä‘á»“ Äƒn sau. HoÃ¡ Ä‘Æ¡n thÃ¬ ghi lá»™n sá»‘. Äá»£i dÃ i cá»—, khÃ´ng há»i cháº¯c khÃ´ng biáº¿t pháº§n Ä‘Ã³ cá»§a mÃ¬nh. Cháº£ táº­p trung gÃ¬ cáº£.",2 sao,5 nÄƒm trÆ°á»›c
Tráº£i nghiá»‡m tuyá»‡t vá»i Dá»‹ch vá»¥ Ä‚n táº¡i chá»—â€¦   ThÃªm,5 sao,má»™t thÃ¡ng trÆ°á»›c
"Good!  MÃ³n Äƒn ngon! NhÃ¢n viÃªn vui váº» , nhiá»‡t tÃ¬nh dá»… thÆ°Æ¡ng! Äá»“ Äƒn:  5â€¦   ThÃªm",5 sao,2 nÄƒm trÆ°á»›c
"Äá»“ Äƒn ngon, nhÃ¢n viÃªn vui váº» Äá»“ Äƒn:  5â€¦   ThÃªm",5 sao,má»™t nÄƒm trÆ°á»›c
"MÃ¬nh Ä‘Ã£ Äƒn uá»‘ng á»Ÿ Ä‘Ã¢y nhiá»u láº§n nhÃ©, cÃ¡c mÃ³n Äƒn Ä‘á»u ngon vÃ  giÃ¡ cáº£ há»£p lÃ½ ná»¯a",5 sao,5 nÄƒm trÆ°á»›c
NhÃ¢n viÃªn khÃ´ng nhiá»‡t tÃ¬nh. Chi lo Ä‘Æ¡n ship Ä‘i. Há»i Ä‘i há»i láº¡i. Äá»ƒ Ä‘á»£i quÃ¡ lÃ¢u. Ráº¥t bá»±c mÃ¬nh. KhÃ´ng háº¹n gáº·p láº¡i.,1 sao,4 nÄƒm trÆ°á»›c
"SÃ¡ng nay Ä‘áº¿n Äƒn lÃºc 9h00 nhÆ°ng cá»­a hÃ ng thÃ´ng bÃ¡o 9h30 má»›i phá»¥c vá»¥, trong khi 8h00 má»Ÿ cá»­a chá»©",3 sao,6 nÄƒm trÆ°á»›c
Tuyá»‡t vá»i Dá»‹ch vá»¥ Ä‚n táº¡i chá»—â€¦   ThÃªm,5 sao,5 thÃ¡ng trÆ°á»›c
"Äá»“ Äƒn khÃ¡ ngon, giÃ¡ ráº» hÆ¡n KFC vÃ  Mc Donald, cá»­a hÃ ng hÆ¡i Ã­t. Dá»‹ch vá»¥ Ä‚nâ€¦   ThÃªm",4 sao,3 nÄƒm trÆ°á»›c
"Kháº©u pháº§n Äƒn há»£p tÃºi tiá»n, ráº» hÆ¡n máº·t báº±ng chung cÃ¹ng loáº¡i thá»±c pháº©m. ThÃ­ch há»£p khi chÃ¡y tÃºi mÃ  thÃ¨m Äƒn :D",5 sao,8 nÄƒm trÆ°á»›c
"GiÃ¡ ráº» hÆ¡n cÃ¡c cá»­a hÃ ng Äƒn nhanh khÃ¡c phÃ¹ há»£p tÃºi tiá»n há»c sinh sinh viÃªn.Äá»“ Äƒn táº¡m dc,nhÃ¢n viÃªn lanh láº¹",3 sao,8 nÄƒm trÆ°á»›c
"Ná»n gáº¡ch dÆ¡ , gÃ  hÃ´m 23/12 máº·n hÆ¡n má»i ngÃ y . Dá»‹ch vá»¥:  3â€¦   ThÃªm",3 sao,má»™t nÄƒm trÆ°á»›c
NhÃ¢n viÃªn vui váº». Phá»¥c vá»¥ nhanh chÃ³ng ká»ƒ cáº£ khi Äƒn táº¡i chá»— hay giao hÃ ng online,5 sao,4 nÄƒm trÆ°á»›c
"GÃ  ngon, thÃ­ch há»£p Ä‘áº·t mang vá» hÆ¡n lÃ  Äƒn táº¡i chá»— vÃ¬ quÃ¡n nhá»",3 sao,4 nÄƒm trÆ°á»›c
Váº«n ngonnnnn Äá»“ Äƒn:  5 Dá»‹ch vá»¥: â€¦   ThÃªm,5 sao,má»™t thÃ¡ng trÆ°á»›c
LÃºc nÃ o ghÃ© cÅ©ng Ä‘Ã´ng khÃ¡ch. NhÃ¢n viÃªn thÃ¢n thiá»‡n. Äá»“ Äƒn:  5â€¦   ThÃªm,5 sao,má»™t nÄƒm trÆ°á»›c
"Ä‚n kem ngon, ráº». Chá»‰ cÃ³ 5k 1 cÃ¢y kem! CÃ³ phÃ²ng tiá»‡c sinh nháº­t cho cÃ¡c bÃ©.",5 sao,8 nÄƒm trÆ°á»›c
Má»›i thay Ä‘á»•i bÃªn ngoÃ i cÃ²n Ná»™i tháº¥t bÃªn trong xuá»‘ng cáº¥p vá»‡ sinh kÃ©m nhiá»u ruá»“i pháº£i kháº¯c phá»¥c ngay,2 sao,Thá»i gian chá»‰nh sá»­a: 4 nÄƒm trÆ°á»›c
"Tá»‡ tháº­t sá»± , Ä‘áº·t Ä‘á»“ lÃºc nÃ o cÅ©ng giao thiáº¿u mÃ³n cho khÃ¡ch Äá»“ Äƒn:  1â€¦   ThÃªm",2 sao,2 nÄƒm trÆ°á»›c
"QuÃ¡n Ä‘Ã´ng vÃ  á»“n.
ChÆ°Æ¡ng trÃ¬nh khuyáº¿n mÃ£i táº·ng Ä‘á»“ chÆ¡i thÃ¬ láº¡i Ã¡p dá»¥ng cho mua hÃ ng qua shipper",2 sao,5 nÄƒm trÆ°á»›c
"Ä‚n Ä‘Æ°á»£c. Cháº¥t lÆ°á»£ng phÃ¹ há»£p vá»›i giÃ¡ cáº£, tuy nhiÃªn doi khi quÃ¡ Ä‘Ã´ng nÃªn pháº£i chá»",4 sao,4 nÄƒm trÆ°á»›c
Äáº·t giao tá»›i rÃµ lÃ  nÃ³i â€œ5p ná»¯a chá»‹ Ä‘iá»‡n láº¡i cho e nha â€œ nhÆ°ng Ä‘á»£i mÃ£i ko tháº¥y thÃ¬ má»›i gá»i láº¡i thÃ¬ c áº¥y báº£o â€œ Ã½ chá»‹ lÃ  e gá»i láº¡i giÃºp c Ã¡ â€œ r Ä‘áº·t xong thÃ¬ láº¡i báº£o â€œ ko nháº­n giao hÃ ng ná»¯aâ€ :))))) tháº¿ lÃ  nhá»‹n luÃ´n ... phá»¥c vá»¥ kÃ©m quÃ¡ !!,3 sao,7 nÄƒm trÆ°á»›c
"CÃ¡ch thá»©c order mÃ³n cá»§a nhÃ¢n viÃªn lá»™n xá»™n, giao nháº§m mÃ³n cho khÃ¡ch, thÃ¡i Ä‘á»™ vá»›i khÃ¡ch.",3 sao,5 nÄƒm trÆ°á»›c
"VÃ o há»i tá» menu mÃ  quÃ¡n báº£o khÃ´ng cÃ³, láº§n Ä‘áº§u gáº·p tÃ¬nh huá»‘ng nÃ y",1 sao,2 nÄƒm trÆ°á»›c
Ngá»“i á»Ÿ trÃªn láº§u cÃ³ thá»ƒ ngáº¯m Ä‘c ngÃ£ tÆ° Ä‘Æ°á»ng khÃ¡ thÃº vá»‹ nhÆ°ng ngáº·c lÃ  kÃ­nh bÃ¡m bá»¥i má» quÃ¡ cáº£m tháº¥y khÃ´ng hoÃ n háº£o..!,4 sao,8 nÄƒm trÆ°á»›c
Cáº§n chÃº Ã½ hÆ¡n trong viá»‡c giá»¯ xe,1 sao,8 thÃ¡ng trÆ°á»›c
MÃ¬nh mua burger khÃ´ng cho tÆ°Æ¡ng á»›t. DÃ¹ Ä‘Ã£ dáº·n ká»¹. Bá»±c mÃ¬nh dá»… sá»£ Dá»‹ch vá»¥â€¦   ThÃªm,3 sao,2 nÄƒm trÆ°á»›c
Phá»¥c vá»¥ nhiá»‡t tá»‰nh vÃ  lá»‹ch sá»± chá»© Ä‘áº¡o. Dá»‹ch vá»¥ Mua mang Ä‘iâ€¦   ThÃªm,5 sao,má»™t nÄƒm trÆ°á»›c
"QuÃ¡n náº±m ngay gÃ³c NgÃ£ TÆ°, thuáº­n tiá»‡n Ä‘i láº¡i, nhÃ¢n viÃªn nhiá»‡t tÃ¬nh, dá»… thÆ°Æ¡ng",5 sao,5 nÄƒm trÆ°á»›c
Thá»©c Äƒn ráº¥t há»£p kháº©u vá»‹ cá»§a mÃ¬nh. Äáº·c bi6áº¹t nháº¥t lÃ  mÃ¬ Ã½ á»Ÿ Jollibee ráº¥t tuyá»‡t vá»i. NhÃ¢n viÃªn nhiá»‡t tÃ¬nh vÃ  khÃ´ng gian thoÃ¡ng vÃ  sáº¡ch sáº½. Good <3 #MyAnh,5 sao,8 nÄƒm trÆ°á»›c
"Sáº¡ch sáº½, nv chuyÃªn nghiá»‡p, nhanh chÃ³ng. Äi oto khÃ³ dá»«ng Ä‘á»— phÃ­a Tráº§n HÆ°ng Äáº¡o vÃ¬ cÃ³ biá»ƒn cáº¥m Dá»‹ch vá»¥â€¦   ThÃªm",5 sao,3 nÄƒm trÆ°á»›c
"Jollibee lÃ  má»™t cÃ¢u chuyá»‡n thÃ nh cÃ´ng phi thÆ°á»ng bá»Ÿi chá»‰ tá»« 2 tiá»‡m kem nhá» hÃ¬nh thÃ nh vÃ o nÄƒm 1975, chuyÃªn bÃ¡n cÃ¡c mÃ³n Äƒn nÃ³ng vÃ  bÃ¡nh mÃ¬ káº¹p Ä‘Ã£ trá»Ÿ thÃ nh cÃ´ng ty vá»›i 7 cá»­a hÃ ng vÃ o nÄƒm 1978, chuyÃªn vá» bÆ¡ gÆ¡. Sau Ä‘Ã³ trá»Ÿ thÃ nh má»™t táº­p Ä‘oÃ n â€¦   ThÃªm",3 sao,8 nÄƒm trÆ°á»›c
"Ä‘a sá»‘ ghÃ© máº¥y láº§n Ä‘Ã´ng, chÃº báº£o vá»‡ nhiá»‡t tÃ¬nh vá»… thÆ°Æ¡ng Dá»‹ch vá»¥ Ä‚n táº¡i câ€¦   ThÃªm",5 sao,má»™t nÄƒm trÆ°á»›c
"MÃ¬ Ã vÃ  gÃ  giÃ²n váº«n best, nhÃ¢n viÃªn dá»… thÆ°Æ¡ng, khÃ´ng gian sáº¡ch sáº½",5 sao,3 nÄƒm trÆ°á»›c
Tuá»µt vá»i lun Ã¡,5 sao,3 thÃ¡ng trÆ°á»›c
"Váº«n cá»© thÃ­ch Äƒn mÃ¬ Ã á»Ÿ Jollibee nháº¥t thÃ´i ğŸ™ˆ sá»‘t cÃ  thÆ¡m ngon, mÃ¬ náº¥u vá»«a chÃ­n tá»›i
Ã€h mÃ¬nh thÃ­ch nháº¥t tÆ°Æ¡ng á»›t á»Ÿ Jollibee há»“i Ä‘Ã¢u Äƒn ko quen, nhÆ°ng h nghiá»‡n luÃ´n rá»“i, ko thÃ­ch á»›t á»Ÿ máº¥y quÃ¡n khÃ¡c ğŸ˜­ â€¦",3 sao,8 nÄƒm trÆ°á»›c
Äá»“ Äƒn ráº¥t ngon. Cháº¥t lÆ°á»£ng phá»¥c vá»¥ ráº¥t tá»‘t. Dá»‹ch vá»¥ Ä‚n táº¡i chá»—â€¦   ThÃªm,5 sao,2 nÄƒm trÆ°á»›c
Tá»‘t...nhÆ°ng Ä‘Ã´ng quÃ¡ khÃ´ng Ä‘á»§ nhÃ¢n viÃªn phá»¥c vá»¥ ngÃ y cáº­n táº¿t nÃªn Ä‘á»£i lÃ¢u.,4 sao,5 nÄƒm trÆ°á»›c
"gÃ  ngon, má»m. khÃ´ng gian khÃ¡ Ä‘áº¹p, nhÃ¢n viÃªn phá»¥c vá»¥ nhiá»‡t tÃ¬nh",5 sao,7 nÄƒm trÆ°á»›c
"Láº§n nÃ o muá»‘n an mÃ¬ Ã½ cÅ©ng Ä‘áº¿n Ä‘Ã¢y.
Dc free kem khi hÃ³a Ä‘Æ¡n tteen 100k",4 sao,4 nÄƒm trÆ°á»›c
"Nv pvu tá»‘t, gÃ  ngon, nhiá»u sá»± kiá»‡n Æ°u Ä‘Ã£i. Fan trung thÃ nh cá»§a Jollibee",5 sao,2 nÄƒm trÆ°á»›c
"GÃ  gÃ¡n ngon tuyá»‡t, nhÃ¢n viÃªn dá»… thÆ°Æ¡ng xÄ©u Äá»“ Äƒn:  5â€¦   ThÃªm",5 sao,má»™t nÄƒm trÆ°á»›c
"100 láº§n ghÃ© k bao giá» mua Ä‘Æ°á»£c cÃ¡i Ä‘Ã¹i gÃ , nhÃ¢n viÃªn k chuyÃªn nghiá»‡p, ngá»“i chá» lÃ¢u thiá»‡t lÃ¢u",2 sao,4 nÄƒm trÆ°á»›c
"Äiá»ƒm bÃ¡n thá»©c Äƒn nhanh lÃ½ tÆ°á»Ÿng, ráº¥t phÃ¹ há»£p vá»›i cÃ¡c báº¡n tráº» vÃ  cÃ¡c em nhá»... Dá»‹ch vá»¥â€¦   ThÃªm",5 sao,3 nÄƒm trÆ°á»›c
Sáº¯p xáº¿p nhÃ¢n viÃªn chÆ°a há»£p lÃ½ khiáº¿n cho khÃ¢u ra mÃ³n cháº­m. Äá»£i lÃ¢u.,3 sao,4 nÄƒm trÆ°á»›c
"QuÃ¡n thoÃ¡ng Ä‘Ã£ng, nhÃ¢n viÃªn thÃ¢n thiá»‡n, giÃ¡ cáº£ Ä‘á»“ Äƒn á»•n Dá»‹ch vá»¥ Ä‚n táº¡i câ€¦   ThÃªm",4 sao,3 nÄƒm trÆ°á»›c
Sai Ä‘Æ¡n em gá»i 1 Ä‘Ã¹i + 1 cÃ¡nh mÃ  Ä‘Æ°a 2 cÃ¡i mÃ¡ Ä‘Ã¹i mÃ  khÃ´ng cÃ³ thÃ´ng bÃ¡o háº¿t Ä‘Ã¹i hay háº¿t cÃ¡nh gÃ¬ háº¿tğŸ˜¡ â€¦,1 sao,2 nÄƒm trÆ°á»›c
"Khoai tÃ¢y chiÃªn chÆ°a chÃ­n, váº«n cÃ²n dáº¥u hiá»‡u chÆ°a rÃ£ Ä‘Ã´ng, Äƒn vá» bá»¥ng cá»© á»p áº¹p",3 sao,2 nÄƒm trÆ°á»›c
"KhÃ´ng gian nhá», cháº­t chá»™i. NhÃ¬n khÃ´ng Ä‘Æ°á»£c vá»‡ sinh láº¯m, cáº§n kháº¯c phá»¥c. Phá»¥c vá»¥ nhiá»‡t tÃ¬nh, vui váº».",4 sao,7 nÄƒm trÆ°á»›c
Thá»©c Äƒn táº¡m Ä‘Æ°á»£c nhÃ¬n ko háº¥p dáº«n. BÃ n gháº¿ cÅ© ká»¹ vÃ  dÆ¡. PhÃ²ng Äƒn trÃªn láº§u thÃ¬ tá»‘i,3 sao,6 nÄƒm trÆ°á»›c
"Máº¥y nhÃ³c nhá» nhÃ  mÃ¬nh thÃ­ch Äƒn Jollibee, giÃ¡ ok - thÃ­ch há»£p cuá»‘i tuáº§n dáº«n Ä‘Ã¡m nhá» Ä‘i Äƒn Loáº¡i hÃ¬nh bá»¯aâ€¦   ThÃªm",4 sao,2 nÄƒm trÆ°á»›c
"Good! NhÃ¢n viÃªn dá»… thÆ°Æ¡ng! Nhiá»‡t tÃ¬nh, Äá»“ Äƒn ngon!!! Äá»“ Äƒn:  5â€¦   ThÃªm",5 sao,2 nÄƒm trÆ°á»›c
"Mua combo cÃ³ 2 cÃ¢y kem, lÃºc giao ko cÃ³. Tráº£ tiá»n thá»«a thÃ¬ xin thiáº¿u vÃ i nghÃ¬n",1 sao,4 nÄƒm trÆ°á»›c
"Ä‚n ngon, chá»§ yáº¿u lÃ  tráº» em Äƒn nhiá»u, nhÆ°ng cháº¥t lÆ°á»£ng Ä‘á»“ Äƒn á»•n",5 sao,3 nÄƒm trÆ°á»›c
Cáº¯t nÆ°á»›c khÃ´ng cho rá»­a tay trÆ°á»›c khi Äƒn sau 21h Dá»‹ch vá»¥ Ä‚n táº¡i chá»—â€¦   ThÃªm,1 sao,má»™t nÄƒm trÆ°á»›c
"Oke, view Ä‘Ã¢y thÃ¬ cÅ©ng Ä‘áº¹p, nhÃ¢n viÃªn oke, khÃ¡ch khÃ¡ Ä‘Ã´ng mÃ  toÃ n xinh xinh khÃ´ng, khÃ´ng ""lÃ³i"" nhiá»u, 5s",5 sao,5 nÄƒm trÆ°á»›c
ráº¥t há»£p kháº©u vá»‹ Äá»“ Äƒn:  5 Dá»‹ch vá»¥: â€¦   ThÃªm,5 sao,4 thÃ¡ng trÆ°á»›c
Äá»‹a Ä‘iá»ƒm dá»… tÃ¬m nhÆ°ng phÃ²ng tiá»‡c hÆ¡i cháº­t náº¿u Ä‘Ã£i sinh nháº­t cho tá»« 15 bÃ© trá»Ÿ lÃªn.,5 sao,5 nÄƒm trÆ°á»›c
NhÃ¢n viÃªn báº¥t cáº©n. Giao thiáº¿u ly nÆ°á»›c cho khÃ¡ch Loáº¡i hÃ¬nh bá»¯a Äƒn Bá»¯a tá»‘iâ€¦   ThÃªm,1 sao,má»™t nÄƒm trÆ°á»›c
khong qua dong Äá»“ Äƒn:  3 Dá»‹ch vá»¥: â€¦   ThÃªm,4 sao,má»™t thÃ¡ng trÆ°á»›c
Ko pháº£i lÃ  ko thÃ­ch mÃ  lÃ  thá»©c Äƒn ko cÃ³ gÃ¬ Ä‘á»‘i má»›i giÃ¡ cáº£ hÆ¡i cao,2 sao,4 nÄƒm trÆ°á»›c
"BuÃ´n bÃ¡n gÃ¬ khÃ¡ch gá»i 2,3 cuá»™c mÃ  k 1 nhÃ¢n viÃªn nÃ o báº¯t mÃ¡y.... tÃ´i cáº£m tháº¥y tháº¥t vá»ng quÃ¡",2 sao,8 nÄƒm trÆ°á»›c
Ngon ráº» há»£p lÃ½. ÄÃ´i khi pháº£i chá» quÃ¡ lÃ¢u vÃ¬ Ä‘Ã´ng.,5 sao,5 nÄƒm trÆ°á»›c
"Äá»‹a Ä‘iá»ƒm thÃ­ch há»£p Ä‘á»ƒ Ä‘i vá»›i gia Ä‘Ã¬nh, Ä‘á»“ Äƒn cÅ©ng ngÃ´n, giÃ¡ cáº£ há»£p lÃ½",5 sao,4 nÄƒm trÆ°á»›c
"Äá»“ ngon cá»§a Joliebee ngon, gÃ  má»m vÃ  vá»«a miá»‡ng, gÃ  chiÃªn tháº¥y Ã­t dáº§u hÆ¡n KFC vÃ  Lotteria nÃªn Ä‘á»¡ ngÃ¡n hÆ¡n",5 sao,6 nÄƒm trÆ°á»›c
"Minh dat con an phan com ,gom co ga va nuoc
Dem cuc ga ra giong nhu bi ai an,vay ma lai doi noi ko dam bao be ko dung den
Hoi be ,be khang dinh ko dung den,be khoc noi dua ga cu",1 sao,5 nÄƒm trÆ°á»›c
"MÃ¹i vá»‹ ngon, cÃ³ khÃ´ng gian thoÃ¡t mÃ¡t, phá»¥c vá»¥ ráº¥t tá»‘t..",5 sao,4 nÄƒm trÆ°á»›c
GiÃ¡ cáº£ há»£p lÃ½ nhÆ°ng hÆ¡i dÆ¡ vÃ  chÆ°a Ä‘áº¡t vá» cháº¥t lÆ°á»£ng phá»¥c vá»¥ ...,2 sao,6 nÄƒm trÆ°á»›c
Äƒn ngon dá»‹ch vá»¥ á»•n Äá»“ Äƒn:  5 Dá»‹ch vá»¥: â€¦   ThÃªm,5 sao,8 thÃ¡ng trÆ°á»›c
"QuÃ¡n Äƒn ngon, sáº¡ch, phÃ¹ há»£p cho cÃ¡c bÃ© vÃ¬ cÃ³ khu trÃ² chÆ¡i Ä‘á»ƒ bÃ© chÆ¡i",5 sao,5 nÄƒm trÆ°á»›c
"Má»i thá»© nÃªm náº¿m hÆ¡i ngá»t, giá»‘ng thá»©c Äƒn á»Ÿ miá»n tÃ¢y. Dá»‹ch vá»¥ Ä‚n táº¡i chá»—â€¦   ThÃªm",4 sao,má»™t nÄƒm trÆ°á»›c
Thá»©c Äƒn ngon nhÆ°ng Ã­t nv phá»¥c vá»¥ nÃªn thá»©c Äƒn lÃªn hÆ¡i cháº­m,4 sao,7 nÄƒm trÆ°á»›c
"Khi nÃ o lÆ°á»i Ä‘i xa hÆ¡n tÃ­ ná»¯a thÃ¬ mÃ¬nh má»›i ghÃ© Ä‘á»‹a Ä‘iá»ƒm nÃ y, cÃ¡ch phá»¥c vá»¥ quÃ¡ tá»‡",1 sao,5 nÄƒm trÆ°á»›c
"á» Ä‘Ã¢y cÃ³ mÃ³n mÃ¬ spaghetty khÃ¡ á»•n , cÆ¡m trÆ°a cÅ©ng ngon , kem bao bÃ©o , good",5 sao,5 nÄƒm trÆ°á»›c
"Ngon, giÃ¡ cáº£ phÃ¹ há»£p. Phá»¥c vá»¥ Ã¢n cáº§n, chuyÃªn nghiá»‡p",5 sao,4 nÄƒm trÆ°á»›c
QuÃ¡n tuy Ä‘Ã´ng nhÆ°ng mÃ  nhÃ¢n viÃªn lÃ m nhanh vÃ  ráº¥t thÃ¢n thiá»‡n.,4 sao,5 nÄƒm trÆ°á»›c
"Äá»‹a Ä‘iá»ƒm nÃ y tuy khÃ´ng gian hÆ¡i cháº­t, hÆ¡i cÅ© nhÆ°ng phÃ¹ há»£p Ä‘á»ƒ dáº«n bÃ© Ä‘áº¿n Äƒn.",3 sao,4 nÄƒm trÆ°á»›c
"HÆ¡i nhá», Ä‘áº¿n giá» cao Ä‘iá»ƒm cÃ³ thá»ƒ háº¿t chá»— ngá»“i, cÃ³ thá»ƒ Ä‘áº·t chá»— Ä‘á»ƒ tá»• chá»©c sinh nháº­t cho con tráº».",4 sao,6 nÄƒm trÆ°á»›c
"Thá»©c Äƒn ngon, thá»±c Ä‘Æ¡n phong phÃº, giÃ¡ cáº£ há»£p lÃ½.",4 sao,5 nÄƒm trÆ°á»›c
"nv dth , Ä‘á»“ Äƒn ngon , mÃ¬nh cÃ³ voucher nÃªn giáº£m khÃ¡ nhiá»u",5 sao,4 nÄƒm trÆ°á»›c
"Äá»‹a Ä‘iá»ƒm ok, chá»— Ä‘áº­u xe hÆ¡i lá»™n xá»™n. Äá»“ Äƒn giÃ¡ ok",3 sao,7 nÄƒm trÆ°á»›c
Giao thiáº¿u mÃ³n Dá»‹ch vá»¥ Giao táº­n nÆ¡i,1 sao,7 thÃ¡ng trÆ°á»›c
ngon Dá»‹ch vá»¥ Ä‚n táº¡i chá»—â€¦   ThÃªm,5 sao,má»™t tuáº§n trÆ°á»›c
NhÃ¢n viÃªn chÆ°a nhiá»‡t tÃ¬nh,1 sao,7 thÃ¡ng trÆ°á»›c
"Ä‚n ngon, nhÃ¢n viÃªn dá»… thÆ°Æ¡ng táº­n tÃ¬nh",5 sao,Thá»i gian chá»‰nh sá»­a: 3 nÄƒm trÆ°á»›c
"NhÃ¢n viÃªn nhiá»‡t tÃ¬nh, khÃ´ng gian rá»™ng,thoÃ¡ng mÃ¡t, sáº¡ch sáº½ ğŸ¥°ğŸ¥°ğŸ¥° â€¦",5 sao,4 nÄƒm trÆ°á»›c
"NhÃ  hÃ ng ráº¥t Ä‘Ã´ng khÃ¡ch, thá»©c Äƒn ngon. Dá»‹ch vá»¥ Ä‚n táº¡i chá»—â€¦   ThÃªm",5 sao,3 nÄƒm trÆ°á»›c
Ngon nhÆ°ng ko gian hÆ¡i cháº­t. ThÃ­ch há»£p mua vá»,5 sao,6 nÄƒm trÆ°á»›c
Dáº¡ chá»‹ quáº£n lÃ­ 10Ä‘ áº¡ ráº¥t ráº¥t tuyá»‡t áº¡ Dá»‹ch vá»¥ Ä‚n táº¡i chá»—â€¦   ThÃªm,5 sao,má»™t nÄƒm trÆ°á»›c
"GÃ  ngon, phá»¥c vá»¥ táº­n tÃ¬nh Äá»“ Äƒn:  5â€¦   ThÃªm",5 sao,má»™t nÄƒm trÆ°á»›c
"Vá»‹ trÃ­ Ä‘áº¹p, gÃ  Æ°á»›p ngon, nhÃ¢n viÃªn thÃ¢n thiá»‡n.",4 sao,7 nÄƒm trÆ°á»›c
"NguyÃªn vÄƒn cá»« Jollibee ráº¥t Ä‘Ã´ng, hom nay minh an o Ä‘Ã¢y, cÃ¡ ko giÃ²n, ko nÃ³ng! Disappointed!",3 sao,5 nÄƒm trÆ°á»›c
MÃ¬ Ã½ gáº¯p cÃ³ vÃ i Ä‘á»§a lÃ  háº¿t. BÃ¡n máº¯c hÆ¡n nhá»¯ng nÆ¡i khÃ¡c,5 sao,5 nÄƒm trÆ°á»›c
"Ngon vÃ  ráº», phÃ¹ há»£p vs cÃ¡c bÃ© Dá»‹ch vá»¥ Ä‚n táº¡i chá»—â€¦   ThÃªm",5 sao,2 nÄƒm trÆ°á»›c
Phuc vu ok nhung khi Ä‘Ã´ng khach thÃ¬ hÆ¡i rá»‘i,4 sao,7 nÄƒm trÆ°á»›c
ÄÃ´ng khÃ¡ch! GÃ  rÃ¡n Ä‘á»§ loáº¡i. NV hay nháº§m Ä‘Ã¹i vá»›i á»©c,3 sao,5 nÄƒm trÆ°á»›c
"NhÃ¢n viÃªn dá»… thÆ°Æ¡ng, phá»¥c vá»¥ nhanh, giÃ¡ cáº£ dá»… chá»‹u.",5 sao,5 nÄƒm trÆ°á»›c
Äá»‹a Ä‘iá»ƒm thuáº­n tiá»‡n. GÃ  sá»‘t cay ngon. Giá»¯ xe miá»…n phÃ­,4 sao,6 nÄƒm trÆ°á»›c
"K phÃ¹ há»£p cho ngÆ°á»i lá»›n,  mÃ³n Äƒn chá»§ yáº¿u há»£p kháº©u vá»‹ vá»›i tráº» em",3 sao,7 nÄƒm trÆ°á»›c
Giao hÃ ng thiáº¿u Ä‘á»“ goi ko bh báº¯t mÃ¡y Dá»‹ch vá»¥ Mua mang Ä‘iâ€¦   ThÃªm,1 sao,má»™t nÄƒm trÆ°á»›c
"Vá»‹ trÃ­ dá»… tÃ¬m.  Thá»©c Äƒn ngon,  phá»¥c vá»¥ nhanh chÃ³ng",5 sao,6 nÄƒm trÆ°á»›c
"Äi Äƒn mÃ  gáº·p bÃ¡c bve nc vÃ´ duyÃªn wa, wa tá»‡ Äá»“ Äƒn:  5â€¦   ThÃªm",1 sao,má»™t nÄƒm trÆ°á»›c
Tuyá»‡t vá»i Dá»‹ch vá»¥ Ä‚n táº¡i chá»—â€¦   ThÃªm,5 sao,Thá»i gian chá»‰nh sá»­a: má»™t thÃ¡ng trÆ°á»›c
"Thá»©c Äƒn há»£p kháº©u vá»‹, ráº¥t Ä‘Ã´ng khÃ¡ch.",4 sao,3 nÄƒm trÆ°á»›c
"Ngon, nhÃ¢n viÃªn phá»¥c vá»¥ ráº¥t chu Ä‘Ã¡o",5 sao,7 nÄƒm trÆ°á»›c
ThÃ´ng thoÃ¡ng Ä‘áº¹p,3 sao,5 nÄƒm trÆ°á»›c
ThÃ­ch há»£p cho cÃ¡c gia Ä‘Ã¬nh ba me cÃ¹ng cÃ¡c bÃ© vÃ o dá»‹p cuá»‘i tuáº§n.,4 sao,6 nÄƒm trÆ°á»›c
"MÃ³n Äƒn nÃ³ng sá»‘t, vá»‹ ráº¥t vn, phá»¥c vá»¥ ok",4 sao,7 nÄƒm trÆ°á»›c
"Äá»‹a Ä‘iá»ƒm dá»… tÃ¬m, Ä‘á»“ Äƒn Ä‘a dáº¡ng, cÃ³ thá»ƒ tá»• chá»©c tiá»‡c sn cho tráº» con.",5 sao,6 nÄƒm trÆ°á»›c
"Ráº»,cÃ¡c chÃ¡u nhá» vui váº» thÃ­ch thÃº,tháº¥y ráº¥t lÃ  sáº£ng khoÃ¡i.",4 sao,5 nÄƒm trÆ°á»›c
"khÃ´ng gian rá»™ng, thá»©c Äƒn ngon, giÃ¡ há»£p lÃ½. Tuyá»‡t",5 sao,7 nÄƒm trÆ°á»›c
Chá» khÃ¡ lÃ¢u cÃ³ Ä‘á»“ Äƒn cÅ©ng kÃªu khÃ¡ch hÃ ng,2 sao,7 nÄƒm trÆ°á»›c
Tiá»‡m bÃ¡n Ä‘á»“ Äƒn nhanh mÃ  Ä‘á»ƒ mÃ¬nh chá» hÆ¡n 10 phÃºt .-.,1 sao,6 nÄƒm trÆ°á»›c
"BÃ© thÃ­ch nháº¥t lÃ  Äƒn gÃ  á»Ÿ Ä‘Ã¢y, Ä‘áº·c biá»‡t lÃ  mÃ¬ Ã½",5 sao,4 nÄƒm trÆ°á»›c
Äá»“ Äƒn thÃ¬ nhÆ° nhá»¯ng chi nhÃ¡nh khÃ¡c Äá»“ Äƒn:  5â€¦   ThÃªm,5 sao,2 nÄƒm trÆ°á»›c
Ngon Äá»“ Äƒn:  5 Dá»‹ch vá»¥:  5â€¦   ThÃªm,5 sao,má»™t thÃ¡ng trÆ°á»›c
ÄÃ´ng nhÆ°ng lÃ m ráº¥t nhanh.. thÃ¡i Ä‘á»™ phá»¥c vá»¥ tá»‘t,5 sao,5 nÄƒm trÆ°á»›c
Äá»“ Äƒn khÃ´ng ngon láº¯m. Nháº¥t lÃ  má»³ Ã,3 sao,8 nÄƒm trÆ°á»›c
NhÃ¢n viÃªn phá»¥c vá»¥ tá»‘t nhanh gá»n gÃ ng.,5 sao,4 nÄƒm trÆ°á»›c
Giá»¯ xe lÃ m tráº§y xe khÃ¡ch Dá»‹ch vá»¥ Ä‚n táº¡i chá»—â€¦   ThÃªm,3 sao,8 thÃ¡ng trÆ°á»›c
Vá»‹ trÃ­ Ä‘áº¹p nhÆ°ng Ä‘á»“ Äƒn khÃ´ng ngon báº±ng Jolibee khÃ¡c,3 sao,7 nÄƒm trÆ°á»›c
GÃ  Jollibee hÆ¡n á»Ÿ cÃ¡c há»‡ thá»‘ng gÃ  khÃ¡c lÃ  thá»‹t dai nÃªn Äƒn ngon hÆ¡n.,4 sao,6 nÄƒm trÆ°á»›c
Phá»¥c vá»¥ hÆ¡i lÃ¢u. Tá»• chá»©c sáº¯p xáº¿p chÆ°a á»•n láº¯m.,4 sao,7 nÄƒm trÆ°á»›c
á» Ä‘Ã¢y cÃ³ mÃ³n má»±c chiÃªn giÃ²n ráº¥t ngon !,3 sao,5 nÄƒm trÆ°á»›c
"QuÃ¡n Ä‘Ã´ng khÃ¡ch, ra mÃ³n hÆ¡i lÃ¢u",3 sao,5 nÄƒm trÆ°á»›c
KhÃ¡ á»•n thÃ­ch há»£p cho máº¥y báº¡n nhá»› tá»• chá»©c sinh nháº­t,4 sao,6 nÄƒm trÆ°á»›c
Ä‘á»“ Äƒn ráº¥t ngon Äá»“ Äƒn:  5 Dá»‹ch vá»¥: â€¦   ThÃªm,5 sao,má»™t nÄƒm trÆ°á»›c
tiÃªÌ£m  ngon  nha  nhÆ°ng  ngÆ°Æ¡Ì€i  bt thi an hoi mÄƒÌt,5 sao,4 nÄƒm trÆ°á»›c
"Ngon nháº¥t váº«n lÃ  jollibee =)))
MÃ£i Ä‘á»‰nh",5 sao,2 nÄƒm trÆ°á»›c
LÃºc nÃ o cÅ©ng Ä‘Ã´ng nhÆ°ng phá»¥c vá»¥ tá»‘t,5 sao,2 nÄƒm trÆ°á»›c
GaÌ€ cay ngon..chiÌ‰ coÌ caÌi Ä‘iÌƒa hÆ¡i cuÌƒ,5 sao,7 nÄƒm trÆ°á»›c
gÃ  cay vÃ  spagetti ngon Ä‘á»‰nhhh Dá»‹ch vá»¥ Ä‚n táº¡i chá»—â€¦   ThÃªm,5 sao,má»™t nÄƒm trÆ°á»›c
9h sÃ¡ng khÃ´ng cÃ³ mÃ³n gÃ¬ Ä‘Æ°á»£c lÃ m sáºµn,1 sao,6 nÄƒm trÆ°á»›c
"Äá»“ Äƒn ngon
Phá»¥c vá»¥ dá»… chá»‹u",5 sao,3 nÄƒm trÆ°á»›c
Ngon,5 sao,3 thÃ¡ng trÆ°á»›c
nhÃ¢n viÃªn ok láº¯m áº¡aaa Dá»‹ch vá»¥ Ä‚n táº¡i chá»—â€¦   ThÃªm,5 sao,má»™t nÄƒm trÆ°á»›c
"Vá»‹ gÃ  táº¡m Ä‘Æ°á»£c áº¡, thÆ°Æ¡ng hiá»‡u hay Äƒn.",4 sao,5 nÄƒm trÆ°á»›c
Khoai láº¯c nhÆ° khÃ´ng láº¯c. KÃ©m cháº¥t lÆ°á»£ng Dá»‹ch vá»¥ Ä‚n táº¡i chá»—â€¦   ThÃªm,1 sao,má»™t nÄƒm trÆ°á»›c
Thá»©c Äƒn ngon... giÃ¡ bÃ¬nh dÃ¢n,5 sao,7 nÄƒm trÆ°á»›c
"QuÃ¡n thá»©c nhanh chuyÃªn bÃ¡n vá» hamburger, gÃ  rÃ¡n,cÆ¡m",4 sao,7 nÄƒm trÆ°á»›c
"CÆ¡m vaÌ€ gaÌ€ khaÌ Ã´Ì‰n, traÌ€ sÆ°Ìƒa ngon",4 sao,7 nÄƒm trÆ°á»›c
"Báº£o vá»‡ chá»­i khÃ¡ch, máº¥t dáº¡y Dá»‹ch vá»¥ Ä‚n táº¡i chá»—â€¦   ThÃªm",1 sao,má»™t nÄƒm trÆ°á»›c
Cá»­a hÃ ng há»— trá»£ khÃ¡ch hÃ ng nhiá»‡t tÃ¬nh Dá»‹ch vá»¥ Ä‚n táº¡i chá»—â€¦   ThÃªm,5 sao,má»™t nÄƒm trÆ°á»›c
"GÃ  cay, khoai tÃ¢y chiÃªn Ä‘á»u ngon. Sáº½ quay láº¡i",5 sao,6 nÄƒm trÆ°á»›c
"Wifi k vÃ o Ä‘Æ°á»£c, phá»¥c vá»¥ cháº­m, hÆ¡i dÆ¡",2 sao,7 nÄƒm trÆ°á»›c
NÃ³i chung lÃ  cÅ©ng ok nha mnğŸ˜ğŸ˜ğŸ˜ â€¦,5 sao,3 nÄƒm trÆ°á»›c
QuÃ¡n khÃ´ng cÃ³ dao lÃ  má»™t Ä‘iá»ƒm trá»« lá»›n,1 sao,Thá»i gian chá»‰nh sá»­a: 6 nÄƒm trÆ°á»›c
MÃ³n gÃ  sá»‘t cay ngon tuyá»‡t vá»i :),5 sao,3 nÄƒm trÆ°á»›c
"Ä‘á»“ cho tráº» em Äƒn ok, giÃ¡ bÃ¬nh dÃ¢n",4 sao,5 nÄƒm trÆ°á»›c
Äá»“ Äƒn ngon! Phá»¥c vá»¥ tá»‘t,4 sao,5 nÄƒm trÆ°á»›c
Äá»“ Äƒn ngon phá»¥c vá»¥ tá»‘t,5 sao,4 nÄƒm trÆ°á»›c
"Lá»›p da chiÃªn má»m, ko giÃ²n, ko nÃ³ng, giá»‘ng nhÆ° Ä‘á»ƒ lÃ¢u rá»“i",2 sao,5 nÄƒm trÆ°á»›c
gÃ  ngon. tÆ°Æ¡ng cháº¥m ngon. phá»¥c vá»¥ nhanh,5 sao,9 nÄƒm trÆ°á»›c
MÃ³m Äƒn ngon nhÃ¢n viÃªn vui váº»,3 sao,8 nÄƒm trÆ°á»›c
"Vui váº» chu Ä‘Ã¡o, nhÃ¢n viÃªn teen cute, sáº¡ch sáº½",4 sao,4 nÄƒm trÆ°á»›c
"QuÃ¡ nhiá»u tráº» con, gÃ¢y á»“n Ã o há»—n loáº¡n.",4 sao,6 nÄƒm trÆ°á»›c
10 Ä‘iá»ƒm khÃ´ng cÃ³ gÃ¬ Ä‘á»ƒ chÃª Äá»“ Äƒn:  5â€¦   ThÃªm,5 sao,má»™t nÄƒm trÆ°á»›c
"Nhanh, ngon",5 sao,2 nÄƒm trÆ°á»›c
CÃ¡ch bÃ¡n cá»§a nhÃ  hÃ ng ráº¥t dá»¡,2 sao,3 nÄƒm trÆ°á»›c
Ngon,5 sao,2 nÄƒm trÆ°á»›c
Do an ngon nhung canh ga hoi nho,4 sao,8 nÄƒm trÆ°á»›c
Ok áº¡ Äá»“ Äƒn:  5 Dá»‹ch vá»¥:  5â€¦   ThÃªm,5 sao,7 thÃ¡ng trÆ°á»›c
MÃ³n mÃ¬ Ã½ vÃ  gÃ  rÃ¡n ngon,5 sao,3 nÄƒm trÆ°á»›c
"Thá»©c Äƒn ngon, Ä‘á»“ Äƒn thÃ¢n thiá»‡n.",5 sao,7 nÄƒm trÆ°á»›c
Báº¡n cosplay á»Ÿ Jollibee ráº¥t nhiá»‡t tÃ¬nh ğŸ¥¹ â€¦ Äá»“ Äƒn:  4â€¦   ThÃªm,4 sao,má»™t nÄƒm trÆ°á»›c
"Thá»©c Äƒn há»£p kháº©u vá»‹, giÃ¡ pháº£i chÄƒng Dá»‹ch vá»¥ Ä‚n táº¡i chá»—",5 sao,Thá»i gian chá»‰nh sá»­a: 3 nÄƒm trÆ°á»›c
